id,turbidez,ph,temperatura,humedad,fecha,id_est,,
27,0.43,5.62,13.30,32.00,2023-06-06,3,,
28,0.44,5.16,13.30,32.00,2023-06-06,3,,
29,0.43,4.34,13.30,32.00,2023-06-06,3,,
30,0.43,3.97,13.30,32.00,2023-06-06,3,,
31,0.44,3.62,13.30,32.00,2023-06-06,3,,
32,0.43,3.40,13.30,32.00,2023-06-06,3,,
33,0.43,3.17,13.30,32.00,2023-06-06,3,,
34,0.43,3.01,13.30,32.00,2023-06-06,3,,
35,0.43,2.88,13.30,32.00,2023-06-06,3,,
36,0.43,5.43,12.60,32.00,2023-06-06,3,,
37,0.44,4.60,12.60,32.00,2023-06-06,3,,
38,0.44,4.06,12.60,32.00,2023-06-06,3,,
39,0.43,3.65,12.60,32.00,2023-06-06,3,,
40,0.43,3.51,15.20,30.00,2023-06-06,3,,
41,0.43,2.93,15.20,30.00,2023-06-06,3,,
42,0.43,2.61,15.20,30.00,2023-06-06,3,,
43,0.43,2.53,15.20,30.00,2023-06-06,3,,
44,0.43,2.53,15.20,30.00,2023-06-06,3,,
45,0.43,2.53,15.10,29.00,2023-06-06,3,,
46,0.43,2.53,15.10,29.00,2023-06-06,3,,
47,0.43,2.53,15.10,29.00,2023-06-06,3,,
48,0.43,2.53,15.10,29.00,2023-06-06,3,,
49,0.43,2.53,15.10,29.00,2023-06-06,3,,
50,0.44,4.83,11.90,30.00,2023-06-12,3,,
51,0.44,4.07,11.90,30.00,2023-06-12,3,,
52,0.44,3.64,11.90,29.00,2023-06-12,3,,
53,0.44,3.35,11.90,29.00,2023-06-12,3,,
54,0.44,3.09,11.90,29.00,2023-06-12,3,,
55,0.44,2.89,11.90,29.00,2023-06-12,3,,
56,0.59,2.72,11.90,29.00,2023-06-12,3,,
57,0.61,2.59,11.90,29.00,2023-06-12,3,,
58,0.43,2.53,11.90,29.00,2023-06-12,3,,
59,0.46,4.96,12.40,33.00,2023-06-12,3,,
60,0.46,4.23,12.40,33.00,2023-06-12,3,,
61,0.46,3.78,12.40,33.00,2023-06-12,3,,
62,0.46,3.45,12.40,33.00,2023-06-12,3,,
63,0.46,3.19,12.40,34.00,2023-06-12,3,,
64,0.46,2.99,12.40,34.00,2023-06-12,3,,
65,0.46,2.82,12.40,33.00,2023-06-12,3,,
66,0.62,2.65,12.40,33.00,2023-06-12,3,,
67,0.59,2.54,12.40,33.00,2023-06-12,3,,
68,0.63,2.53,12.40,33.00,2023-06-12,3,,
69,0.66,2.53,12.40,33.00,2023-06-12,3,,
70,0.66,2.53,12.40,33.00,2023-06-12,3,,
71,0.44,2.53,12.40,33.00,2023-06-12,3,,
72,0.17,2.53,12.40,32.00,2023-06-12,3,,
73,0.41,2.53,12.40,33.00,2023-06-12,3,,
74,0.41,2.53,12.40,33.00,2023-06-12,3,,
75,0.32,2.65,11.70,32.00,2023-06-13,3,,
76,0.33,2.53,11.70,32.00,2023-06-13,3,,
77,0.32,2.53,11.70,31.00,2023-06-13,3,,
78,0.33,2.53,11.70,32.00,2023-06-13,3,,
79,0.27,4.22,15.90,46.00,2023-06-13,3,,
80,0.36,2.76,15.90,46.00,2023-06-13,3,,
81,0.27,2.54,15.90,44.00,2023-06-13,3,,
82,0.32,2.53,15.90,44.00,2023-06-13,3,,
83,0.30,2.53,16.00,44.00,2023-06-13,3,,
84,0.34,2.53,16.00,44.00,2023-06-13,3,,
85,0.34,2.53,16.00,44.00,2023-06-13,3,,
86,0.30,2.53,16.00,44.00,2023-06-13,3,,
87,0.29,2.53,16.10,44.00,2023-06-13,3,,
88,0.38,2.53,16.10,44.00,2023-06-13,3,,
89,0.29,2.53,16.10,44.00,2023-06-13,3,,
90,0.28,2.53,16.10,44.00,2023-06-13,3,,
91,0.31,2.53,16.10,44.00,2023-06-13,3,,
92,0.33,2.53,16.20,44.00,2023-06-13,3,,
93,0.30,2.53,16.20,43.00,2023-06-13,3,,
94,0.30,2.53,16.20,43.00,2023-06-13,3,,
95,0.27,2.53,16.20,43.00,2023-06-14,3,,
96,0.32,2.53,16.20,44.00,2023-06-14,3,,
97,0.30,2.53,16.20,44.00,2023-06-14,3,,
98,0.24,2.53,16.30,45.00,2023-06-14,3,,
99,0.28,2.53,16.30,44.00,2023-06-14,3,,
100,0.25,2.53,16.30,44.00,2023-06-14,3,,
101,0.32,2.53,16.30,44.00,2023-06-14,3,,
102,0.26,2.53,16.30,44.00,2023-06-14,3,,
103,0.24,2.53,16.40,44.00,2023-06-14,3,,
104,0.28,2.53,16.40,44.00,2023-06-14,3,,
105,0.37,2.53,16.40,44.00,2023-06-14,3,,
106,0.28,2.53,16.40,44.00,2023-06-14,3,,
107,0.33,2.53,16.40,44.00,2023-06-14,3,,
108,0.29,2.53,16.50,44.00,2023-06-14,3,,
109,0.32,2.53,16.50,44.00,2023-06-14,3,,
110,0.31,2.53,16.50,44.00,2023-06-14,3,,
111,0.30,2.53,16.50,44.00,2023-06-14,3,,
112,0.23,4.92,18.30,49.00,2023-06-14,3,,
113,0.34,4.02,18.30,48.00,2023-06-14,3,,
114,0.27,3.56,18.40,48.00,2023-06-14,3,,
115,0.33,3.09,18.40,47.00,2023-06-14,3,,
116,0.24,2.86,18.40,47.00,2023-06-14,3,,
117,0.32,2.61,18.40,47.00,2023-06-14,3,,
118,0.34,2.56,18.40,47.00,2023-06-14,3,,
119,0.29,2.53,18.40,47.00,2023-06-14,3,,
120,0.34,2.53,18.40,47.00,2023-06-14,3,,
121,0.29,2.53,18.40,47.00,2023-06-14,3,,
122,0.35,2.53,18.40,47.00,2023-06-14,3,,
123,0.33,2.53,18.40,47.00,2023-06-14,3,,
124,0.32,2.53,18.40,47.00,2023-06-14,3,,
125,0.26,2.53,18.40,47.00,2023-06-14,3,,
126,0.33,2.53,18.40,47.00,2023-06-14,3,,
127,0.35,2.53,18.40,47.00,2023-06-14,3,,
128,0.26,2.53,18.40,48.00,2023-06-14,3,,
129,0.29,2.53,18.40,48.00,2023-06-14,3,,
130,0.32,2.53,18.40,48.00,2023-06-14,3,,
131,0.30,2.53,18.50,48.00,2023-06-14,3,,
132,0.27,2.53,18.50,48.00,2023-06-14,3,,
133,0.29,2.53,18.50,48.00,2023-06-14,3,,
134,0.31,2.53,18.50,48.00,2023-06-14,3,,
135,0.31,2.53,18.50,49.00,2023-06-14,3,,
136,0.34,2.53,18.50,50.00,2023-06-14,3,,
137,0.26,2.53,18.50,50.00,2023-06-14,3,,
138,0.32,2.53,18.50,50.00,2023-06-14,3,,
139,0.29,2.53,18.50,50.00,2023-06-14,3,,
140,0.29,2.53,18.50,49.00,2023-06-14,3,,
141,0.28,2.53,18.50,48.00,2023-06-14,3,,
142,0.31,2.53,18.50,48.00,2023-06-14,3,,
143,0.26,2.53,18.50,49.00,2023-06-14,3,,
144,0.28,2.53,18.50,49.00,2023-06-14,3,,
145,0.31,2.53,18.50,48.00,2023-06-14,3,,
146,0.31,2.53,18.50,48.00,2023-06-14,3,,
147,0.32,2.53,18.50,48.00,2023-06-14,3,,
148,0.32,2.53,18.50,48.00,2023-06-14,3,,
149,0.32,2.53,18.50,51.00,2023-06-14,3,,
150,0.30,2.53,18.50,50.00,2023-06-14,3,,
151,0.31,2.53,18.50,50.00,2023-06-14,3,,
152,0.34,2.53,18.50,50.00,2023-06-14,3,,
153,0.29,2.53,18.50,50.00,2023-06-14,3,,
154,0.30,2.53,18.50,51.00,2023-06-14,3,,
155,0.30,2.53,18.50,51.00,2023-06-14,3,,
156,0.30,2.53,18.50,51.00,2023-06-14,3,,
157,0.27,2.53,18.50,51.00,2023-06-14,3,,
158,0.30,2.53,18.50,51.00,2023-06-14,3,,
159,0.31,2.53,18.50,51.00,2023-06-14,3,,
160,0.32,2.53,18.50,51.00,2023-06-14,3,,
161,0.30,2.53,18.60,52.00,2023-06-14,3,,
162,0.31,2.53,18.60,52.00,2023-06-14,3,,
163,0.31,2.53,18.60,51.00,2023-06-14,3,,
164,0.31,2.53,18.60,51.00,2023-06-14,3,,
165,0.31,2.53,18.60,52.00,2023-06-14,3,,
166,0.32,2.53,18.60,51.00,2023-06-14,3,,
167,0.27,2.53,18.60,51.00,2023-06-14,3,,
168,0.32,2.53,18.60,52.00,2023-06-14,3,,
169,0.31,2.53,18.60,52.00,2023-06-14,3,,
170,0.34,2.53,18.60,52.00,2023-06-14,3,,
171,0.32,2.53,18.60,52.00,2023-06-14,3,,
172,0.31,2.53,18.60,52.00,2023-06-14,3,,
173,0.32,2.53,18.60,52.00,2023-06-14,3,,
174,0.32,2.53,18.60,52.00,2023-06-14,3,,
175,0.31,2.53,18.60,52.00,2023-06-14,3,,
176,0.30,2.53,18.60,52.00,2023-06-14,3,,
177,0.26,2.53,18.60,52.00,2023-06-14,3,,
178,0.33,2.53,18.60,52.00,2023-06-14,3,,
179,0.33,2.53,18.60,51.00,2023-06-14,3,,
180,0.31,2.53,18.60,51.00,2023-06-14,3,,
181,0.34,2.53,18.60,51.00,2023-06-14,3,,
182,0.30,2.53,18.60,51.00,2023-06-14,3,,
183,0.29,2.53,18.60,50.00,2023-06-14,3,,
184,0.31,2.53,18.60,51.00,2023-06-14,3,,
185,0.32,2.53,18.60,51.00,2023-06-14,3,,
186,0.32,2.53,18.60,51.00,2023-06-14,3,,
187,0.30,2.53,18.60,51.00,2023-06-14,3,,
188,0.31,2.53,18.60,51.00,2023-06-14,3,,
189,0.31,2.53,18.60,51.00,2023-06-14,3,,
190,0.30,2.53,18.60,51.00,2023-06-14,3,,
191,0.31,2.53,18.70,51.00,2023-06-14,3,,
192,0.31,2.53,18.60,50.00,2023-06-14,3,,
193,0.31,2.53,18.70,51.00,2023-06-14,3,,
194,0.32,2.53,18.70,52.00,2023-06-14,3,,
195,0.30,2.53,18.60,52.00,2023-06-14,3,,
196,0.33,2.53,18.60,52.00,2023-06-14,3,,
197,0.31,2.53,18.60,52.00,2023-06-14,3,,
198,0.33,2.53,18.60,52.00,2023-06-14,3,,
199,0.30,2.53,18.60,52.00,2023-06-14,3,,
200,0.31,2.53,18.60,52.00,2023-06-14,3,,
201,0.32,2.53,18.60,52.00,2023-06-14,3,,
202,0.33,2.53,18.60,52.00,2023-06-14,3,,
203,0.31,2.53,18.60,51.00,2023-06-14,3,,
204,0.29,2.53,18.60,52.00,2023-06-14,3,,
205,0.32,2.53,18.60,52.00,2023-06-14,3,,
206,0.29,2.53,18.60,52.00,2023-06-14,3,,
207,0.29,2.53,18.60,52.00,2023-06-14,3,,
208,0.32,2.53,18.60,52.00,2023-06-14,3,,
209,0.33,2.53,18.60,52.00,2023-06-14,3,,
210,0.31,2.53,18.60,52.00,2023-06-14,3,,
211,0.30,2.53,18.60,52.00,2023-06-14,3,,
212,0.30,2.53,18.60,52.00,2023-06-14,3,,
213,0.30,2.53,18.60,52.00,2023-06-14,3,,
214,0.30,2.53,18.60,52.00,2023-06-14,3,,
215,0.30,2.53,18.60,52.00,2023-06-14,3,,
216,0.29,2.53,18.60,53.00,2023-06-14,3,,
217,0.28,2.53,18.60,52.00,2023-06-14,3,,
218,0.30,2.53,18.60,52.00,2023-06-14,3,,
219,0.28,2.53,18.60,52.00,2023-06-14,3,,
220,0.33,2.53,18.60,52.00,2023-06-14,3,,
221,0.27,2.53,18.60,51.00,2023-06-14,3,,
222,0.28,2.53,18.60,52.00,2023-06-14,3,,
223,0.30,2.53,18.60,52.00,2023-06-14,3,,
224,0.28,2.53,18.60,53.00,2023-06-14,3,,
225,0.31,2.53,18.60,53.00,2023-06-14,3,,
226,0.31,2.53,18.60,52.00,2023-06-14,3,,
227,0.34,2.53,18.60,53.00,2023-06-14,3,,
228,0.31,2.53,18.60,53.00,2023-06-14,3,,
229,0.27,2.53,18.60,53.00,2023-06-14,3,,
230,0.32,2.53,18.60,53.00,2023-06-14,3,,
231,0.31,2.53,18.60,53.00,2023-06-14,3,,
232,0.32,2.53,18.60,54.00,2023-06-14,3,,
233,0.31,2.53,18.60,54.00,2023-06-14,3,,
234,0.34,2.53,18.60,54.00,2023-06-14,3,,
235,0.29,2.53,18.60,53.00,2023-06-14,3,,
236,0.30,2.53,18.60,53.00,2023-06-14,3,,
237,0.32,3.22,11.30,23.00,2023-06-23,8,,
238,0.32,3.11,11.30,23.00,2023-06-23,8,,
239,0.32,3.03,11.30,23.00,2023-06-23,8,,
240,0.32,2.95,11.30,23.00,2023-06-23,8,,
241,0.31,2.87,11.20,23.00,2023-06-23,8,,
242,0.32,2.79,11.20,23.00,2023-06-23,8,,
243,0.32,2.68,11.20,23.00,2023-06-23,8,,
244,0.31,2.57,11.20,24.00,2023-06-23,8,,
245,0.52,6.27,11.30,24.00,2023-06-23,8,,
246,0.49,6.85,11.30,24.00,2023-06-23,8,,
247,0.44,6.93,11.40,23.00,2023-06-23,8,,
248,0.44,6.78,11.40,23.00,2023-06-23,8,,
249,0.45,6.61,11.40,23.00,2023-06-23,10,,
250,0.43,6.15,11.20,23.00,2023-06-23,9,,
251,0.43,6.02,11.20,23.00,2023-06-23,9,,
252,0.43,5.94,11.20,23.00,2023-06-23,9,,
253,0.42,5.88,11.20,23.00,2023-06-23,9,,
254,0.42,5.83,11.20,23.00,2023-06-23,9,,
255,0.40,5.78,11.20,23.00,2023-06-23,9,,
256,0.38,5.73,11.20,23.00,2023-06-23,9,,
257,0.38,5.67,11.20,23.00,2023-06-23,3,,
258,0.38,5.64,11.20,23.00,2023-06-23,3,,
259,0.38,5.59,11.20,23.00,2023-06-23,3,,
260,0.39,5.56,11.20,23.00,2023-06-23,3,,
261,0.38,5.55,11.20,23.00,2023-06-23,3,,
262,0.38,5.50,11.20,23.00,2023-06-23,3,,
263,0.37,5.50,11.20,23.00,2023-06-23,3,,
264,0.38,5.46,11.20,23.00,2023-06-23,3,,
265,0.38,5.45,11.20,23.00,2023-06-23,3,,
266,0.38,5.41,11.10,23.00,2023-06-23,3,,
267,0.36,5.40,11.10,23.00,2023-06-23,3,,
268,0.37,5.38,11.10,23.00,2023-06-23,3,,
269,0.37,5.38,11.10,23.00,2023-06-23,3,,
270,0.37,5.37,11.10,23.00,2023-06-23,3,,
271,0.37,5.35,11.10,23.00,2023-06-23,3,,
272,0.43,5.34,11.10,23.00,2023-06-23,3,,
273,0.38,5.32,11.10,23.00,2023-06-23,3,,
274,0.37,5.32,11.10,23.00,2023-06-23,3,,
275,0.37,5.30,11.10,23.00,2023-06-23,3,,
276,0.37,5.30,11.10,23.00,2023-06-23,3,,
277,0.52,5.21,21.40,22.00,2023-06-23,3,,
278,0.43,5.30,21.30,22.00,2023-06-23,3,,
279,0.42,2.53,21.20,22.00,2023-06-23,3,,
280,0.28,6.21,21.20,22.00,2023-06-23,3,,
281,0.40,7.24,21.20,22.00,2023-06-23,3,,
282,0.70,7.18,21.10,22.00,2023-06-23,3,,
283,0.66,7.12,21.10,22.00,2023-06-23,3,,
284,0.76,7.00,21.10,22.00,2023-06-23,3,,
285,0.73,6.84,21.10,22.00,2023-06-23,3,,
286,0.67,6.68,21.10,22.00,2023-06-23,3,,
287,0.59,6.66,21.10,22.00,2023-06-23,3,,
288,0.71,6.53,21.10,22.00,2023-06-23,3,,
289,0.53,6.36,21.10,22.00,2023-06-23,3,,
290,0.55,6.12,21.10,22.00,2023-06-23,3,,
291,0.67,6.11,21.10,22.00,2023-06-23,3,,
292,0.75,6.14,21.10,23.00,2023-06-23,3,,
293,0.70,6.07,21.20,22.00,2023-06-23,3,,
294,0.63,6.08,21.10,22.00,2023-06-23,3,,
295,0.61,6.07,21.10,22.00,2023-06-23,3,,
296,0.64,6.07,21.20,23.00,2023-06-23,3,,
297,0.65,6.05,21.20,23.00,2023-06-23,3,,
298,0.71,6.04,21.20,23.00,2023-06-23,3,,
299,0.66,6.18,21.20,23.00,2023-06-23,3,,
300,0.72,6.16,21.20,23.00,2023-06-23,3,,
301,0.65,6.12,21.20,23.00,2023-06-23,3,,
302,0.58,6.03,21.20,23.00,2023-06-23,3,,
303,0.67,6.12,21.20,23.00,2023-06-23,3,,
304,0.68,6.11,21.30,23.00,2023-06-23,3,,
305,0.76,6.17,21.30,23.00,2023-06-23,3,,
306,0.71,6.06,21.30,23.00,2023-06-23,3,,
307,0.68,6.14,21.30,23.00,2023-06-23,3,,
308,0.66,6.16,21.30,23.00,2023-06-23,3,,
309,0.61,6.13,21.30,23.00,2023-06-23,3,,
310,0.61,5.81,21.40,23.00,2023-06-23,3,,
311,0.66,6.04,21.40,23.00,2023-06-23,3,,
312,0.71,5.80,21.40,23.00,2023-06-23,3,,
313,0.73,5.90,21.40,23.00,2023-06-23,3,,
314,0.74,5.87,21.40,23.00,2023-06-23,3,,
315,0.73,5.99,21.40,23.00,2023-06-23,3,,
316,0.70,5.92,21.40,23.00,2023-06-23,3,,
317,0.75,5.84,21.40,23.00,2023-06-23,3,,
318,0.79,5.87,21.40,23.00,2023-06-23,3,,
319,0.76,5.84,21.40,22.00,2023-06-23,3,,
320,0.78,5.88,21.40,22.00,2023-06-23,3,,
321,0.79,5.84,21.40,22.00,2023-06-23,3,,
322,0.73,5.83,21.40,23.00,2023-06-23,3,,
323,0.72,5.77,21.40,23.00,2023-06-23,3,,
324,0.72,5.91,21.40,23.00,2023-06-23,3,,
325,0.74,5.84,21.40,23.00,2023-06-23,3,,
326,0.75,5.88,21.40,22.00,2023-06-23,3,,
327,0.77,5.71,21.40,22.00,2023-06-23,3,,
328,0.80,5.69,21.40,22.00,2023-06-23,3,,
329,0.77,5.62,21.50,22.00,2023-06-23,3,,
330,0.77,5.76,21.50,22.00,2023-06-23,3,,
331,0.78,5.70,21.50,22.00,2023-06-23,3,,
332,0.74,5.67,21.50,22.00,2023-06-23,3,,
333,0.74,5.64,21.50,22.00,2023-06-23,3,,
334,0.79,5.54,21.50,23.00,2023-06-23,3,,
335,0.71,5.52,21.50,23.00,2023-06-23,3,,
336,0.72,5.44,21.50,23.00,2023-06-23,3,,
337,0.75,5.39,21.50,22.00,2023-06-23,3,,
338,0.74,5.11,21.50,23.00,2023-06-23,3,,
339,0.71,4.99,21.50,23.00,2023-06-23,3,,
340,0.72,5.17,21.50,23.00,2023-06-23,3,,
341,0.73,4.88,21.50,23.00,2023-06-23,3,,
342,0.69,5.66,21.50,23.00,2023-06-23,3,,
343,0.71,5.61,21.50,22.00,2023-06-23,3,,
344,0.71,5.06,21.50,22.00,2023-06-23,3,,
345,0.80,5.51,21.50,22.00,2023-06-23,3,,
346,0.76,5.21,21.50,22.00,2023-06-23,3,,
347,0.76,5.15,21.50,22.00,2023-06-23,3,,
348,0.65,2.53,21.50,22.00,2023-06-23,3,,
349,0.68,2.53,21.50,22.00,2023-06-23,3,,
350,0.75,2.53,21.50,23.00,2023-06-23,3,,
351,0.72,2.53,21.50,23.00,2023-06-23,3,,
352,0.67,3.95,21.50,23.00,2023-06-23,3,,
353,0.72,4.88,21.50,23.00,2023-06-23,3,,
354,0.72,4.91,21.50,23.00,2023-06-23,3,,
355,0.76,4.83,21.50,23.00,2023-06-23,3,,
356,0.76,4.73,21.50,23.00,2023-06-23,3,,
357,0.73,4.70,21.50,22.00,2023-06-23,3,,
358,0.77,4.65,21.50,22.00,2023-06-23,3,,
359,0.73,4.64,21.50,22.00,2023-06-23,3,,
360,0.78,4.62,21.50,22.00,2023-06-23,3,,
361,0.78,4.65,21.50,22.00,2023-06-23,3,,
362,0.68,5.90,21.50,22.00,2023-06-23,3,,
363,0.75,6.16,21.50,22.00,2023-06-23,3,,
364,0.76,6.16,21.50,22.00,2023-06-23,3,,
365,0.72,6.14,21.50,22.00,2023-06-23,3,,
366,0.66,6.08,21.50,22.00,2023-06-23,3,,
367,0.70,6.05,21.50,22.00,2023-06-23,3,,
368,0.78,5.92,21.60,23.00,2023-06-23,3,,
369,0.71,5.94,21.60,22.00,2023-06-23,3,,
370,0.74,5.91,21.60,22.00,2023-06-23,3,,
371,0.73,5.71,21.60,22.00,2023-06-23,3,,
372,0.77,5.83,21.60,22.00,2023-06-23,3,,
373,0.73,5.71,21.60,22.00,2023-06-23,3,,
374,0.70,5.67,21.60,22.00,2023-06-23,3,,
375,0.72,5.66,21.60,22.00,2023-06-23,3,,
376,0.74,5.74,21.60,22.00,2023-06-23,3,,
377,0.79,5.72,21.60,22.00,2023-06-23,3,,
378,0.76,5.78,21.60,22.00,2023-06-23,3,,
379,0.77,5.83,21.60,22.00,2023-06-23,3,,
380,0.77,5.74,21.60,22.00,2023-06-23,3,,
381,0.73,5.90,21.60,22.00,2023-06-23,3,,
382,0.77,5.80,21.60,22.00,2023-06-23,3,,
383,0.77,5.95,21.60,22.00,2023-06-23,3,,
384,0.73,5.92,21.60,22.00,2023-06-23,3,,
385,0.76,6.01,21.60,22.00,2023-06-23,3,,
386,0.72,5.93,21.60,22.00,2023-06-23,3,,
387,0.78,5.98,21.70,22.00,2023-06-23,3,,
388,0.76,5.95,21.70,22.00,2023-06-23,3,,
389,0.77,6.00,21.70,22.00,2023-06-23,3,,
390,0.77,6.02,21.70,22.00,2023-06-23,3,,
391,0.77,6.03,21.70,22.00,2023-06-23,3,,
392,0.75,5.99,21.70,22.00,2023-06-23,3,,
393,0.76,6.06,21.70,22.00,2023-06-23,3,,
394,0.75,5.99,21.70,22.00,2023-06-23,3,,
395,0.73,6.08,21.70,22.00,2023-06-23,3,,
396,0.81,6.10,21.70,22.00,2023-06-23,3,,
397,0.76,6.16,21.70,22.00,2023-06-23,3,,
398,0.79,6.14,21.70,22.00,2023-06-23,3,,
399,0.81,6.11,21.70,22.00,2023-06-23,3,,
400,0.79,6.09,21.70,22.00,2023-06-23,3,,
401,0.76,6.12,21.70,22.00,2023-06-23,3,,
402,0.83,6.11,21.70,22.00,2023-06-23,3,,
403,0.74,6.14,21.70,21.00,2023-06-23,3,,
404,0.79,6.16,21.70,22.00,2023-06-23,3,,
405,0.75,6.07,21.70,22.00,2023-06-23,3,,
406,0.80,6.12,21.70,22.00,2023-06-23,3,,
407,0.80,6.10,21.70,22.00,2023-06-23,3,,
408,0.75,6.16,21.70,22.00,2023-06-23,3,,
409,0.84,6.13,21.70,22.00,2023-06-23,3,,
410,0.77,6.10,21.70,22.00,2023-06-23,3,,
411,0.81,6.14,21.70,22.00,2023-06-23,3,,
412,0.76,6.10,21.70,22.00,2023-06-23,3,,
413,0.73,6.20,21.70,22.00,2023-06-23,3,,
414,0.72,6.10,21.70,22.00,2023-06-23,3,,
415,0.80,6.10,21.70,22.00,2023-06-23,3,,
416,0.78,6.13,21.70,22.00,2023-06-23,3,,
417,0.76,6.18,21.70,22.00,2023-06-23,3,,
418,0.77,6.14,21.70,22.00,2023-06-23,3,,
419,0.75,6.05,21.70,22.00,2023-06-23,3,,
420,0.77,6.02,21.80,22.00,2023-06-23,3,,
421,0.83,6.09,21.80,22.00,2023-06-23,3,,
422,0.78,6.15,21.80,22.00,2023-06-23,3,,
423,0.75,6.10,21.80,22.00,2023-06-23,3,,
424,0.76,6.10,21.80,22.00,2023-06-23,3,,
425,0.76,6.09,21.80,22.00,2023-06-23,3,,
426,0.76,6.12,21.80,22.00,2023-06-23,3,,
427,0.73,6.04,21.80,22.00,2023-06-23,3,,
428,0.79,5.99,21.80,22.00,2023-06-23,3,,
429,0.78,6.12,21.80,22.00,2023-06-23,3,,
430,0.75,6.05,21.80,22.00,2023-06-23,3,,
431,0.74,6.05,21.80,21.00,2023-06-23,3,,
432,0.76,6.23,21.80,21.00,2023-06-23,3,,
433,0.72,6.10,21.80,22.00,2023-06-23,3,,
434,0.75,6.07,21.80,22.00,2023-06-23,3,,
435,0.77,6.04,21.80,22.00,2023-06-23,3,,
436,0.76,5.91,21.80,22.00,2023-06-23,3,,
437,0.78,5.83,21.80,22.00,2023-06-23,3,,
438,0.78,5.73,21.90,21.00,2023-06-23,3,,
439,0.79,5.75,21.80,21.00,2023-06-23,3,,
440,0.81,5.68,21.80,21.00,2023-06-23,3,,
441,0.79,5.72,21.80,21.00,2023-06-23,3,,
442,0.76,5.54,21.80,21.00,2023-06-23,3,,
443,0.75,5.79,21.80,21.00,2023-06-23,3,,
444,0.79,5.49,21.80,21.00,2023-06-23,3,,
445,0.78,5.73,21.80,21.00,2023-06-23,3,,
446,0.80,5.74,21.80,21.00,2023-06-23,3,,
447,0.74,5.77,21.80,21.00,2023-06-23,3,,
448,0.82,5.77,21.80,21.00,2023-06-23,3,,
449,0.74,5.69,21.80,21.00,2023-06-23,3,,
450,0.78,5.68,21.80,21.00,2023-06-23,3,,
451,0.76,5.72,21.80,21.00,2023-06-23,3,,
452,0.81,5.63,21.80,21.00,2023-06-23,3,,
453,0.76,5.65,21.80,21.00,2023-06-23,3,,
454,0.78,5.74,21.80,21.00,2023-06-23,3,,
455,0.73,5.72,21.80,20.00,2023-06-23,3,,
456,0.77,5.72,21.80,21.00,2023-06-23,3,,
457,0.81,5.73,21.80,21.00,2023-06-23,3,,
458,0.77,5.65,21.80,21.00,2023-06-23,3,,
459,0.79,5.65,21.80,21.00,2023-06-23,3,,
460,0.78,5.66,21.80,20.00,2023-06-23,3,,
461,0.79,5.73,21.80,21.00,2023-06-23,3,,
462,0.80,5.58,21.80,21.00,2023-06-23,3,,
463,0.73,5.61,21.80,21.00,2023-06-23,3,,
464,0.79,5.54,21.80,21.00,2023-06-23,3,,
465,0.76,5.66,21.80,21.00,2023-06-23,3,,
466,0.78,5.64,21.80,21.00,2023-06-23,3,,
467,0.79,5.58,21.80,21.00,2023-06-23,3,,
468,0.78,5.70,21.80,21.00,2023-06-23,3,,
469,0.77,5.49,21.80,21.00,2023-06-23,3,,
470,0.77,5.64,21.80,21.00,2023-06-23,3,,
471,0.75,2.53,21.80,21.00,2023-06-23,3,,
472,0.80,2.53,21.80,21.00,2023-06-23,3,,
473,0.79,2.53,21.80,21.00,2023-06-23,3,,
474,0.79,2.53,21.70,21.00,2023-06-23,3,,
475,0.79,2.53,21.70,20.00,2023-06-23,3,,
476,0.78,2.53,21.70,20.00,2023-06-23,3,,
477,0.75,2.53,21.70,20.00,2023-06-23,3,,
478,0.77,2.53,21.70,20.00,2023-06-23,3,,
479,0.78,2.53,21.70,20.00,2023-06-23,3,,
480,0.78,2.53,21.70,20.00,2023-06-23,3,,
481,0.77,2.53,21.70,20.00,2023-06-23,3,,
482,0.74,2.53,21.70,20.00,2023-06-23,3,,
483,0.77,2.53,21.70,20.00,2023-06-23,3,,
484,0.79,2.53,21.70,20.00,2023-06-23,3,,
485,0.79,2.53,21.70,20.00,2023-06-23,3,,
486,0.77,2.53,21.70,20.00,2023-06-23,3,,
487,0.76,2.53,21.70,20.00,2023-06-23,3,,
488,0.77,2.53,21.70,20.00,2023-06-23,3,,
489,0.75,2.53,21.70,20.00,2023-06-23,3,,
490,0.77,2.53,21.70,20.00,2023-06-23,3,,
491,0.79,2.53,21.70,20.00,2023-06-23,3,,
492,0.39,3.71,13.00,42.00,2023-08-10,3,,
493,0.39,3.67,13.00,42.00,2023-08-10,3,,
494,0.40,3.63,13.00,42.00,2023-08-10,3,,
495,0.39,3.57,13.00,42.00,2023-08-10,3,,
496,0.39,3.54,13.10,42.00,2023-08-10,3,,
497,0.40,3.52,13.10,42.00,2023-08-10,3,,
498,0.39,3.49,13.10,42.00,2023-08-10,3,,
499,0.40,3.48,13.10,42.00,2023-08-10,3,,
500,0.39,3.48,13.10,42.00,2023-08-10,3,,
501,0.40,3.45,13.10,42.00,2023-08-10,3,,
502,0.39,3.45,13.20,42.00,2023-08-10,3,,
503,0.39,3.43,13.20,42.00,2023-08-10,3,,
504,0.44,8.49,11.90,39.00,2023-08-10,3,,
505,0.91,8.78,18.20,26.00,2023-08-10,3,,
506,0.91,9.02,18.20,26.00,2023-08-10,3,,
507,0.91,9.09,18.30,26.00,2023-08-10,3,,
508,0.91,9.13,18.30,26.00,2023-08-10,3,,
509,0.91,9.14,18.30,26.00,2023-08-10,3,,
510,0.88,9.15,18.30,26.00,2023-08-10,3,,
511,0.87,9.19,18.40,26.00,2023-08-10,3,,
512,0.91,9.20,18.40,25.00,2023-08-10,3,,
513,0.91,9.32,18.40,25.00,2023-08-10,3,,
514,0.76,9.34,18.30,24.00,2023-08-10,3,,
515,0.76,9.31,18.30,24.00,2023-08-10,3,,
516,0.76,9.29,18.20,24.00,2023-08-10,3,,
517,0.76,9.27,18.20,25.00,2023-08-10,3,,
518,0.78,9.26,18.20,23.00,2023-08-10,3,,
519,0.90,9.25,18.10,23.00,2023-08-10,3,,
520,0.91,9.24,18.00,22.00,2023-08-10,3,,
521,0.80,9.24,18.00,22.00,2023-08-10,3,,
522,0.91,9.24,17.90,23.00,2023-08-10,3,,
523,0.91,9.24,17.90,23.00,2023-08-10,3,,
524,0.91,9.23,17.90,24.00,2023-08-10,3,,
525,0.91,9.24,18.00,24.00,2023-08-10,3,,
526,0.91,9.25,18.00,25.00,2023-08-10,3,,
527,0.91,9.24,17.90,24.00,2023-08-10,3,,
528,0.91,9.23,18.00,25.00,2023-08-10,3,,
529,0.91,9.23,17.90,24.00,2023-08-10,3,,
530,0.93,9.24,17.90,24.00,2023-08-10,3,,
531,0.91,9.23,17.90,24.00,2023-08-10,3,,
532,0.91,9.22,17.90,23.00,2023-08-10,3,,
533,0.91,9.21,17.90,24.00,2023-08-10,3,,
534,0.91,9.21,17.80,26.00,2023-08-10,3,,
535,0.78,9.19,17.80,26.00,2023-08-10,3,,
536,0.74,9.20,17.70,27.00,2023-08-10,3,,
537,0.79,9.19,17.70,28.00,2023-08-10,3,,
538,0.79,9.18,17.70,26.00,2023-08-10,3,,
539,0.78,9.18,17.70,26.00,2023-08-10,3,,
540,0.91,9.18,17.70,25.00,2023-08-10,3,,
541,0.91,9.18,17.60,25.00,2023-08-10,3,,
542,0.91,9.18,17.60,25.00,2023-08-10,3,,
543,0.91,9.18,17.50,25.00,2023-08-10,3,,
544,0.91,9.18,17.50,26.00,2023-08-10,3,,
545,0.91,9.19,17.40,26.00,2023-08-10,3,,
546,0.91,9.18,17.40,25.00,2023-08-10,3,,
547,0.91,9.18,17.30,25.00,2023-08-10,3,,
548,0.91,9.18,17.30,25.00,2023-08-10,3,,
549,0.91,9.15,17.20,25.00,2023-08-10,3,,
550,0.91,9.16,17.20,26.00,2023-08-10,3,,
551,0.91,9.16,17.20,25.00,2023-08-10,3,,
552,0.91,9.15,17.20,25.00,2023-08-10,3,,
553,0.91,9.16,17.10,25.00,2023-08-10,3,,
554,0.90,9.14,17.10,25.00,2023-08-10,3,,
555,0.91,9.15,17.10,25.00,2023-08-10,3,,
556,0.89,9.14,17.10,25.00,2023-08-10,3,,
557,0.91,9.13,17.10,26.00,2023-08-10,3,,
558,0.91,9.13,17.10,26.00,2023-08-10,3,,
559,0.91,9.07,17.10,24.00,2023-08-10,3,,
560,0.91,9.09,17.00,24.00,2023-08-10,3,,
561,0.91,9.15,16.90,25.00,2023-08-10,3,,
562,0.91,9.13,16.90,25.00,2023-08-10,3,,
563,0.91,9.15,16.80,25.00,2023-08-10,3,,
564,0.91,9.14,16.80,25.00,2023-08-10,3,,
565,0.89,9.17,16.80,25.00,2023-08-10,3,,
566,0.91,9.15,16.80,25.00,2023-08-10,3,,
567,0.87,9.13,16.80,26.00,2023-08-10,3,,
568,0.91,9.13,16.90,26.00,2023-08-10,3,,
569,0.80,9.12,16.90,24.00,2023-08-10,3,,
570,0.80,9.07,16.90,24.00,2023-08-10,3,,
571,0.81,8.80,16.80,25.00,2023-08-10,3,,
572,0.80,9.09,16.80,25.00,2023-08-10,3,,
573,0.85,9.10,16.80,24.00,2023-08-10,3,,
574,0.83,9.12,16.80,26.00,2023-08-10,3,,
575,0.81,9.12,16.80,27.00,2023-08-10,3,,
576,0.82,9.10,16.80,25.00,2023-08-10,3,,
577,0.83,9.11,16.80,25.00,2023-08-10,3,,
578,0.83,9.11,16.70,26.00,2023-08-10,3,,
579,0.91,9.09,16.70,26.00,2023-08-10,3,,
580,0.91,9.10,16.60,25.00,2023-08-10,3,,
581,0.91,9.09,16.60,24.00,2023-08-10,3,,
582,0.91,9.09,16.50,24.00,2023-08-10,3,,
583,0.91,9.07,16.50,25.00,2023-08-10,3,,
584,0.91,9.06,16.50,26.00,2023-08-10,3,,
585,0.91,9.05,16.60,26.00,2023-08-10,3,,
586,0.86,9.04,16.60,26.00,2023-08-10,3,,
587,0.91,9.04,16.60,26.00,2023-08-10,3,,
588,0.84,9.05,16.60,27.00,2023-08-10,3,,
589,0.91,9.02,16.50,28.00,2023-08-10,3,,
590,0.89,9.03,16.50,29.00,2023-08-10,3,,
591,0.91,9.02,16.50,27.00,2023-08-10,3,,
592,0.91,9.03,16.40,27.00,2023-08-10,3,,
593,0.91,9.00,16.40,28.00,2023-08-10,3,,
594,0.91,9.03,16.40,26.00,2023-08-10,3,,
595,0.91,9.06,16.30,26.00,2023-08-10,3,,
596,0.91,9.04,16.30,26.00,2023-08-10,3,,
597,0.91,9.04,16.30,25.00,2023-08-10,3,,
598,0.91,9.05,16.30,25.00,2023-08-10,3,,
599,0.91,9.06,16.30,26.00,2023-08-10,3,,
600,0.82,9.08,16.30,26.00,2023-08-10,3,,
601,0.84,9.07,16.30,26.00,2023-08-10,3,,
602,0.84,9.09,16.30,26.00,2023-08-10,3,,
603,0.91,9.10,16.30,26.00,2023-08-10,3,,
604,0.91,9.09,16.30,26.00,2023-08-10,3,,
605,0.91,9.11,16.20,26.00,2023-08-10,3,,
606,0.91,9.12,16.20,25.00,2023-08-10,3,,
607,0.91,9.12,16.20,25.00,2023-08-10,3,,
608,0.91,9.11,16.20,26.00,2023-08-10,3,,
609,0.91,9.10,16.20,26.00,2023-08-10,3,,
610,0.91,9.10,16.20,26.00,2023-08-10,3,,
611,0.89,9.10,16.20,26.00,2023-08-10,3,,
612,0.91,9.11,16.20,26.00,2023-08-10,3,,
613,0.91,9.11,16.30,25.00,2023-08-10,3,,
614,0.91,9.12,16.30,25.00,2023-08-10,3,,
615,0.46,6.66,18.90,40.00,2023-09-01,3,,
616,0.47,6.40,18.90,40.00,2023-09-01,3,,
617,0.40,6.34,18.90,40.00,2023-09-01,3,,
618,0.39,6.35,18.90,40.00,2023-09-01,3,,
619,0.44,6.29,18.90,40.00,2023-09-01,3,,
620,0.39,6.34,18.90,40.00,2023-09-01,3,,
621,0.40,6.28,18.90,40.00,2023-09-01,3,,
622,0.48,6.33,18.90,40.00,2023-09-01,3,,
623,0.47,6.29,19.00,40.00,2023-09-01,3,,
624,0.55,6.31,19.00,40.00,2023-09-01,3,,
625,0.51,6.31,19.00,40.00,2023-09-01,3,,
626,0.54,6.31,19.00,40.00,2023-09-01,3,,
627,0.49,6.27,19.00,40.00,2023-09-01,3,,
628,0.51,6.27,19.00,40.00,2023-09-01,3,,
629,0.53,6.27,19.00,40.00,2023-09-01,3,,
630,0.49,6.29,19.10,40.00,2023-09-01,3,,
631,0.55,6.30,19.10,40.00,2023-09-01,3,,
632,0.55,6.26,19.10,40.00,2023-09-01,3,,
633,0.56,6.28,19.10,40.00,2023-09-01,3,,
634,0.54,6.28,19.10,40.00,2023-09-01,3,,
635,0.51,6.23,19.10,40.00,2023-09-01,3,,
636,0.55,6.28,19.10,40.00,2023-09-01,3,,
637,0.55,6.29,19.10,40.00,2023-09-01,3,,
638,0.50,6.24,19.20,41.00,2023-09-01,3,,
639,0.50,6.23,19.20,41.00,2023-09-01,3,,
640,0.54,6.28,19.20,41.00,2023-09-01,3,,
641,0.54,6.24,19.20,41.00,2023-09-01,3,,
642,0.60,6.23,19.30,41.00,2023-09-01,3,,
643,0.52,6.22,19.30,41.00,2023-09-01,3,,
644,0.46,6.24,19.30,41.00,2023-09-01,3,,
645,0.49,6.27,19.30,41.00,2023-09-01,3,,
646,0.51,6.21,19.30,41.00,2023-09-01,3,,
647,0.47,6.29,19.30,41.00,2023-09-01,3,,
648,0.48,6.26,19.30,41.00,2023-09-01,3,,
649,0.47,6.24,19.30,41.00,2023-09-01,3,,
650,0.45,6.27,19.40,41.00,2023-09-01,3,,
651,0.51,6.29,19.40,41.00,2023-09-01,3,,
652,0.48,6.27,19.40,41.00,2023-09-01,3,,
653,0.44,6.23,19.40,41.00,2023-09-01,3,,
654,0.45,6.26,19.40,41.00,2023-09-01,3,,
655,0.46,6.23,19.40,41.00,2023-09-01,3,,
656,0.46,6.24,19.40,41.00,2023-09-01,3,,
657,0.44,6.23,19.40,41.00,2023-09-01,3,,
658,0.43,6.23,19.40,41.00,2023-09-01,3,,
659,0.47,6.28,19.50,41.00,2023-09-01,3,,
660,0.48,6.23,19.50,40.00,2023-09-01,3,,
661,0.48,6.26,19.50,40.00,2023-09-01,3,,
662,0.48,6.26,19.50,40.00,2023-09-01,3,,
663,0.46,6.23,19.50,40.00,2023-09-01,3,,
664,0.49,6.24,19.50,40.00,2023-09-01,3,,
665,0.47,6.27,19.60,40.00,2023-09-01,3,,
666,0.48,6.25,19.60,40.00,2023-09-01,3,,
667,0.45,6.22,19.60,40.00,2023-09-01,3,,
668,0.49,6.24,19.60,40.00,2023-09-01,3,,
669,0.47,6.23,19.60,40.00,2023-09-01,3,,
670,0.48,6.25,19.60,40.00,2023-09-01,3,,
671,0.49,6.27,19.60,40.00,2023-09-01,3,,
672,0.49,6.23,19.60,40.00,2023-09-01,3,,
673,0.48,6.25,19.60,40.00,2023-09-01,3,,
674,0.48,6.21,19.60,40.00,2023-09-01,3,,
675,0.45,6.27,19.60,40.00,2023-09-01,3,,
676,0.44,6.19,19.60,40.00,2023-09-01,3,,
677,0.38,6.24,19.60,40.00,2023-09-01,3,,
678,0.43,6.23,19.60,40.00,2023-09-01,3,,
679,0.44,6.23,19.60,40.00,2023-09-01,3,,
680,0.43,6.27,19.70,40.00,2023-09-01,3,,
681,0.47,6.26,19.70,40.00,2023-09-01,3,,
682,0.48,6.25,19.70,40.00,2023-09-01,3,,
683,0.45,6.21,19.70,40.00,2023-09-01,3,,
684,0.43,6.24,19.70,40.00,2023-09-01,3,,
685,0.45,6.25,19.70,40.00,2023-09-01,3,,
686,0.41,6.23,19.70,40.00,2023-09-01,3,,
687,0.44,6.23,19.80,40.00,2023-09-01,3,,
688,0.48,6.19,19.80,41.00,2023-09-01,3,,
689,0.49,6.19,19.80,41.00,2023-09-01,3,,
690,0.46,6.24,19.80,41.00,2023-09-01,3,,
691,0.53,6.25,19.80,41.00,2023-09-01,3,,
692,0.54,6.23,19.80,41.00,2023-09-01,3,,
693,0.52,6.27,19.80,41.00,2023-09-01,3,,
694,0.53,6.27,19.80,41.00,2023-09-01,3,,
695,0.54,6.32,19.80,41.00,2023-09-01,3,,
696,0.58,6.20,19.80,41.00,2023-09-01,3,,
697,0.56,6.24,19.80,41.00,2023-09-01,3,,
698,0.56,6.26,19.90,41.00,2023-09-01,3,,
699,0.57,6.29,19.90,41.00,2023-09-01,3,,
700,0.54,6.32,19.90,41.00,2023-09-01,3,,
701,0.37,7.02,17.90,46.00,2023-10-05,3,,
702,0.37,7.03,17.90,46.00,2023-10-05,3,,
703,0.37,7.03,17.90,46.00,2023-10-05,3,,
704,0.37,7.01,18.00,46.00,2023-10-05,3,,
705,0.36,7.01,18.00,46.00,2023-10-05,3,,
706,0.37,7.01,18.00,46.00,2023-10-05,8,,
707,0.38,6.99,18.10,46.00,2023-10-05,8,,
708,0.37,7.01,18.10,46.00,2023-10-05,8,,
709,0.35,7.01,18.10,46.00,2023-10-05,8,,
710,0.36,6.99,18.20,45.00,2023-10-05,8,,
711,0.36,6.99,18.20,45.00,2023-10-05,8,,
712,0.37,6.99,18.20,45.00,2023-10-05,8,,
713,0.37,6.97,18.20,45.00,2023-10-05,8,,
714,0.37,7.00,18.20,46.00,2023-10-05,8,,
715,0.36,6.99,18.30,46.00,2023-10-05,8,,
716,0.36,6.99,18.30,45.00,2023-10-05,8,,
717,0.36,6.99,18.30,45.00,2023-10-05,8,,
718,0.36,6.97,18.30,45.00,2023-10-05,8,,
719,0.37,6.97,18.30,45.00,2023-10-05,8,,
720,0.35,6.96,18.40,45.00,2023-10-05,8,,
721,0.36,6.96,18.40,45.00,2023-10-05,8,,
722,0.35,6.96,18.40,45.00,2023-10-05,8,,
723,0.37,6.96,18.50,45.00,2023-10-05,8,,
724,0.38,6.95,18.50,45.00,2023-10-05,8,,
725,0.36,6.96,18.50,44.00,2023-10-05,8,,
726,0.37,6.95,18.50,44.00,2023-10-05,8,,
727,0.37,6.96,18.60,44.00,2023-10-05,8,,
728,0.38,6.93,18.60,44.00,2023-10-05,8,,
729,0.37,6.94,18.60,44.00,2023-10-05,8,,
730,0.37,6.93,18.60,43.00,2023-10-05,8,,
731,0.36,6.93,18.70,43.00,2023-10-05,8,,
732,0.37,6.93,18.70,43.00,2023-10-05,8,,
733,0.36,6.92,18.70,43.00,2023-10-05,8,,
734,0.37,6.92,18.80,43.00,2023-10-05,8,,
735,0.36,6.93,18.80,43.00,2023-10-05,8,,
736,0.35,6.93,18.80,43.00,2023-10-05,8,,
737,0.37,6.91,18.90,43.00,2023-10-05,8,,
738,0.36,6.93,18.90,43.00,2023-10-05,8,,
739,0.35,6.93,18.90,43.00,2023-10-05,8,,
740,0.36,6.92,18.90,43.00,2023-10-05,8,,
741,0.36,6.93,18.90,43.00,2023-10-05,8,,
742,0.36,6.92,19.00,43.00,2023-10-05,8,,
743,0.36,6.93,19.00,43.00,2023-10-05,8,,
744,0.37,6.93,19.00,43.00,2023-10-05,8,,
745,0.36,6.92,19.00,42.00,2023-10-05,8,,
746,0.36,6.92,19.00,42.00,2023-10-05,8,,
747,0.36,6.93,19.10,42.00,2023-10-05,8,,
748,0.37,6.93,19.10,42.00,2023-10-05,8,,
749,0.36,6.92,19.10,42.00,2023-10-05,8,,
750,0.36,6.92,19.10,42.00,2023-10-05,8,,
751,0.35,6.93,19.10,42.00,2023-10-05,8,,
752,0.35,6.91,19.10,42.00,2023-10-05,8,,
753,0.36,6.89,19.10,42.00,2023-10-05,9,,
754,0.37,6.92,19.10,42.00,2023-10-05,9,,
755,0.36,7.65,19.40,42.00,2023-10-05,9,,
756,0.36,7.97,19.40,42.00,2023-10-05,9,,
757,0.36,7.94,19.40,42.00,2023-10-05,9,,
758,0.41,7.69,19.40,42.00,2023-10-05,9,,
759,0.37,7.73,19.40,42.00,2023-10-05,9,,
760,0.37,7.76,19.50,41.00,2023-10-05,9,,
761,0.35,8.42,19.50,41.00,2023-10-05,9,,
762,0.35,11.10,19.50,41.00,2023-10-05,9,,
763,0.34,10.99,19.50,41.00,2023-10-05,9,,
764,0.35,11.12,19.50,41.00,2023-10-05,9,,
765,0.35,10.45,19.50,41.00,2023-10-05,9,,
766,0.35,11.15,19.60,41.00,2023-10-05,9,,
767,0.35,11.87,19.60,41.00,2023-10-05,9,,
768,0.34,11.97,19.60,41.00,2023-10-05,9,,
769,0.35,12.00,19.60,41.00,2023-10-05,9,,
770,0.34,12.03,19.60,41.00,2023-10-05,9,,
771,0.34,12.04,19.60,40.00,2023-10-05,9,,
772,0.35,12.07,19.60,41.00,2023-10-05,9,,
773,0.36,12.07,19.60,41.00,2023-10-05,9,,
774,0.36,12.08,19.60,41.00,2023-10-05,9,,
775,0.89,11.64,19.80,41.00,2023-10-05,9,,
776,0.89,11.85,19.80,40.00,2023-10-05,9,,
777,0.90,11.95,19.80,40.00,2023-10-05,9,,
778,0.90,12.01,19.80,40.00,2023-10-05,9,,
779,0.91,12.07,19.80,40.00,2023-10-05,9,,
780,0.89,12.09,19.80,40.00,2023-10-05,9,,
781,0.89,12.13,19.80,40.00,2023-10-05,9,,
782,0.89,12.13,19.80,40.00,2023-10-05,9,,
783,0.89,12.14,19.80,40.00,2023-10-05,9,,
784,0.89,12.14,19.80,40.00,2023-10-05,9,,
785,0.88,12.14,19.90,40.00,2023-10-05,9,,
786,0.88,12.14,19.90,40.00,2023-10-05,9,,
787,0.88,12.15,19.90,40.00,2023-10-05,9,,
788,0.87,12.15,19.90,40.00,2023-10-05,9,,
789,0.86,12.15,19.90,39.00,2023-10-05,9,,
790,0.86,12.18,19.90,39.00,2023-10-05,9,,
791,0.85,11.38,20.20,39.00,2023-10-05,9,,
792,0.85,11.77,20.20,39.00,2023-10-05,9,,
793,0.85,11.91,20.20,39.00,2023-10-05,9,,
794,0.85,12.00,20.20,39.00,2023-10-05,9,,
795,0.85,12.03,20.20,39.00,2023-10-05,9,,
796,0.84,12.07,20.20,39.00,2023-10-05,9,,
797,0.85,12.09,20.20,39.00,2023-10-05,9,,
798,0.84,12.09,20.20,39.00,2023-10-05,9,,
799,0.85,12.12,20.20,39.00,2023-10-05,9,,
800,0.85,12.13,20.30,39.00,2023-10-05,9,,
801,0.84,12.13,20.20,39.00,2023-10-05,9,,
802,0.84,12.14,20.30,39.00,2023-10-05,9,,
803,0.84,12.14,20.30,39.00,2023-10-05,9,,
804,0.83,12.13,20.30,39.00,2023-10-05,9,,
805,0.82,12.13,20.30,39.00,2023-10-05,9,,
806,0.82,12.13,20.30,39.00,2023-10-05,9,,
807,0.82,12.13,20.30,39.00,2023-10-05,9,,
808,2.96,0,NULL,NULL,2017-11-21,11,,
809,4.5,3.72,NULL,NULL,2017-11-22,11,,
810,3.06,8.10,NULL,NULL,2017-11-23,11,,
811,4.63,8.32,NULL,NULL,2017-11-24,11,,
812,4.08,9.09,NULL,NULL,2017-11-25,11,,
813,2.56,5.58,NULL,NULL,2017-11-26,11,,
814,2.67,10.22,NULL,NULL,2017-11-27,11,,
815,4.40,8.64,NULL,NULL,2017-11-28,11,,
816,3.60,0,NULL,NULL,2017-11-29,11,,
817,4.37,11.18,NULL,NULL,2017-11-30,11,,
818,3.66,7.36,NULL,NULL,2017-12-01,11,,
819,4.01,7.97,NULL,NULL,2017-12-02,11,,
820,3.45,7.12,NULL,NULL,2017-12-03,11,,
821,4.41,0,NULL,NULL,2017-12-04,11,,
822,4.78,7.50,NULL,NULL,2017-12-05,11,,
823,4.38,6.35,NULL,NULL,2017-12-06,11,,
824,4.27,7.05,NULL,NULL,2017-12-07,11,,
825,4.50,9.18,NULL,NULL,2017-12-08,11,,
826,2.44,8.98,NULL,NULL,2017-12-09,11,,
827,2.56,7.37,NULL,NULL,2017-12-10,11,,
828,4.13,0.00,NULL,NULL,2017-12-11,11,,
829,3.75,6.66,NULL,NULL,2017-12-12,11,,
830,5.46,0.00,NULL,NULL,2017-12-13,11,,
831,4.53,3.90,NULL,NULL,2017-12-14,11,,
832,4.82,5.40,NULL,NULL,2017-12-15,11,,
833,5.20,6.51,NULL,NULL,2017-12-16,11,,
834,4.18,3.45,NULL,NULL,2017-12-17,11,,
835,4.00,0.00,NULL,NULL,2017-12-18,11,,
836,3.99,0.00,NULL,NULL,2017-12-19,11,,
837,6.04,0.00,NULL,NULL,2017-12-20,11,,
838,5.09,7.18,NULL,NULL,2017-12-21,11,,
839,2.86,9.83,NULL,NULL,2017-12-22,11,,
840,5.06,10.43,NULL,NULL,2017-12-23,11,,
841,3.16,7.41,NULL,NULL,2017-12-24,11,,
842,5.03,0.00,NULL,NULL,2017-12-25,11,,
843,3.90,5.12,NULL,NULL,2017-12-26,11,,
844,3.46,3.64,NULL,NULL,2017-12-27,11,,
845,2.90,5.62,NULL,NULL,2017-12-28,11,,
846,2.91,0.00,NULL,NULL,2017-12-29,11,,
847,4.32,9.27,NULL,NULL,2017-12-30,11,,
848,3.51,0.00,NULL,NULL,2017-12-31,11,,
849,4.43,5.33,NULL,NULL,2018-01-01,11,,
850,5.18,7.15,NULL,NULL,2018-01-02,11,,
851,4.69,9.92,NULL,NULL,2018-01-03,11,,
852,4.54,4.76,NULL,NULL,2018-01-04,11,,
853,4.14,5.70,NULL,NULL,2018-01-05,11,,
854,3.20,6.95,NULL,NULL,2018-01-06,11,,
855,4.00,10.68,NULL,NULL,2018-01-07,11,,
856,4.41,0.00,NULL,NULL,2018-01-08,11,,
857,3.63,8.76,NULL,NULL,2018-01-09,11,,
858,3.05,0.00,NULL,NULL,2018-01-10,11,,
859,2.45,7.81,NULL,NULL,2018-01-11,11,,
860,3.74,6.65,NULL,NULL,2018-01-12,11,,
861,3.79,9.15,NULL,NULL,2018-01-13,11,,
862,3.96,10.56,NULL,NULL,2018-01-14,11,,
863,4.78,7.48,NULL,NULL,2018-01-15,11,,
864,3.94,8.52,NULL,NULL,2018-01-16,11,,
865,4.46,5.00,NULL,NULL,2018-01-17,11,,
866,4.41,0.00,NULL,NULL,2018-01-18,11,,
867,4.09,0.00,NULL,NULL,2018-01-19,11,,
868,3.90,3.91,NULL,NULL,2018-01-20,11,,
869,3.92,6.39,NULL,NULL,2018-01-21,11,,
870,3.86,0.00,NULL,NULL,2018-01-22,11,,
871,4.48,8.69,NULL,NULL,2018-01-23,11,,
872,4.07,8.09,NULL,NULL,2018-01-24,11,,
873,5.22,6.20,NULL,NULL,2018-01-25,11,,
874,5.11,5.06,NULL,NULL,2018-01-26,11,,
875,4.62,0.00,NULL,NULL,2018-01-27,11,,
876,3.44,0.00,NULL,NULL,2018-01-28,11,,
877,3.64,7.26,NULL,NULL,2018-01-29,11,,
878,3.88,7.16,NULL,NULL,2018-01-30,11,,
879,4.16,5.70,NULL,NULL,2018-01-31,11,,
880,5.33,6.22,NULL,NULL,2018-02-01,11,,
881,3.87,8.68,NULL,NULL,2018-02-02,11,,
882,4.66,0.00,NULL,NULL,2018-02-03,11,,
883,5.02,6.90,NULL,NULL,2018-02-04,11,,
884,3.76,3.51,NULL,NULL,2018-02-05,11,,
885,3.66,3.72,NULL,NULL,2018-02-06,11,,
886,2.29,6.46,NULL,NULL,2018-02-07,11,,
887,3.51,7.32,NULL,NULL,2018-02-08,11,,
888,5.01,1.84,NULL,NULL,2018-02-09,11,,
889,3.76,5.52,NULL,NULL,2018-02-10,11,,
890,3.77,7.41,NULL,NULL,2018-02-11,11,,
891,2.99,5.98,NULL,NULL,2018-02-12,11,,
892,4.19,6.40,NULL,NULL,2018-02-13,11,,
893,3.61,6.21,NULL,NULL,2018-02-14,11,,
894,4.92,6.76,NULL,NULL,2018-02-15,11,,
895,3.39,9.92,NULL,NULL,2018-02-16,11,,
896,5.00,10.16,NULL,NULL,2018-02-17,11,,
897,2.56,8.72,NULL,NULL,2018-02-18,11,,
898,4.38,0.00,NULL,NULL,2018-02-19,11,,
899,3.36,0.00,NULL,NULL,2018-02-20,11,,
900,3.17,6.10,NULL,NULL,2018-02-21,11,,
901,2.02,9.03,NULL,NULL,2018-02-22,11,,
902,3.65,6.95,NULL,NULL,2018-02-23,11,,
903,5.36,6.14,NULL,NULL,2018-02-24,11,,
904,4.76,7.08,NULL,NULL,2018-02-25,11,,
905,5.07,5.49,NULL,NULL,2018-02-26,11,,
906,3.71,7.21,NULL,NULL,2018-02-27,11,,
907,3.11,9.18,NULL,NULL,2018-02-28,11,,
908,3.76,4.27,NULL,NULL,2018-03-01,11,,
909,4.88,7.35,NULL,NULL,2018-03-02,11,,
910,5.08,8.53,NULL,NULL,2018-03-03,11,,
911,4.00,0.00,NULL,NULL,2018-03-04,11,,
912,4.77,2.61,NULL,NULL,2018-03-05,11,,
913,3.88,8.49,NULL,NULL,2018-03-06,11,,
914,3.40,0.00,NULL,NULL,2018-03-07,11,,
915,5.53,8.86,NULL,NULL,2018-03-08,11,,
916,3.98,6.10,NULL,NULL,2018-03-09,11,,
917,3.96,8.42,NULL,NULL,2018-03-10,11,,
918,5.24,9.29,NULL,NULL,2018-03-11,11,,
919,4.24,7.88,NULL,NULL,2018-03-12,11,,
920,3.72,7.73,NULL,NULL,2018-03-13,11,,
921,2.80,3.39,NULL,NULL,2018-03-14,11,,
922,3.90,6.75,NULL,NULL,2018-03-15,11,,
923,5.63,0.00,NULL,NULL,2018-03-16,11,,
924,4.60,7.18,NULL,NULL,2018-03-17,11,,
925,3.43,10.11,NULL,NULL,2018-03-18,11,,
926,3.15,7.40,NULL,NULL,2018-03-19,11,,
927,6.20,7.81,NULL,NULL,2018-03-20,11,,
928,3.83,6.88,NULL,NULL,2018-03-21,11,,
929,4.66,0.00,NULL,NULL,2018-03-22,11,,
930,4.20,0.00,NULL,NULL,2018-03-23,11,,
931,2.88,7.52,NULL,NULL,2018-03-24,11,,
932,3.77,8.55,NULL,NULL,2018-03-25,11,,
933,3.29,10.31,NULL,NULL,2018-03-26,11,,
934,5.05,0.00,NULL,NULL,2018-03-27,11,,
935,4.41,7.37,NULL,NULL,2018-03-28,11,,
936,3.81,11.18,NULL,NULL,2018-03-29,11,,
937,3.55,6.51,NULL,NULL,2018-03-30,11,,
938,3.81,6.64,NULL,NULL,2018-03-31,11,,
939,3.24,5.03,NULL,NULL,2018-04-01,11,,
940,2.61,6.91,NULL,NULL,2018-04-02,11,,
941,3.55,7.98,NULL,NULL,2018-04-03,11,,
942,4.20,6.08,NULL,NULL,2018-04-04,11,,
943,4.51,6.24,NULL,NULL,2018-04-05,11,,
944,3.47,6.06,NULL,NULL,2018-04-06,11,,
945,3.36,8.13,NULL,NULL,2018-04-07,11,,
946,3.76,9.56,NULL,NULL,2018-04-08,11,,
947,4.29,8.17,NULL,NULL,2018-04-09,11,,
948,3.57,8.59,NULL,NULL,2018-04-10,11,,
949,3.68,0.00,NULL,NULL,2018-04-11,11,,
950,3.03,6.83,NULL,NULL,2018-04-12,11,,
951,4.16,7.86,NULL,NULL,2018-04-13,11,,
952,3.42,4.97,NULL,NULL,2018-04-14,11,,
953,3.55,6.21,NULL,NULL,2018-04-15,11,,
954,4.42,0.00,NULL,NULL,2018-04-16,11,,
955,4.64,9.77,NULL,NULL,2018-04-17,11,,
956,4.92,9.63,NULL,NULL,2018-04-18,11,,
957,3.20,5.19,NULL,NULL,2018-04-19,11,,
958,2.93,7.63,NULL,NULL,2018-04-20,11,,
959,4.69,5.77,NULL,NULL,2018-04-21,11,,
960,4.58,6.58,NULL,NULL,2018-04-22,11,,
961,4.42,4.80,NULL,NULL,2018-04-23,11,,
962,3.69,7.95,NULL,NULL,2018-04-24,11,,
963,2.12,6.91,NULL,NULL,2018-04-25,11,,
964,4.44,0.00,NULL,NULL,2018-04-26,11,,
965,3.46,0.00,NULL,NULL,2018-04-27,11,,
966,3.77,8.64,NULL,NULL,2018-04-28,11,,
967,3.72,0.00,NULL,NULL,2018-04-29,11,,
968,3.78,8.15,NULL,NULL,2018-04-30,11,,
969,4.60,8.29,NULL,NULL,2018-05-01,11,,
970,4.33,0.00,NULL,NULL,2018-05-02,11,,
971,4.63,0.00,NULL,NULL,2018-05-03,11,,
972,2.68,9.49,NULL,NULL,2018-05-04,11,,
973,3.70,7.83,NULL,NULL,2018-05-05,11,,
974,4.35,4.43,NULL,NULL,2018-05-06,11,,
975,5.26,7.24,NULL,NULL,2018-05-07,11,,
976,4.10,0.00,NULL,NULL,2018-05-08,11,,
977,2.91,6.87,NULL,NULL,2018-05-09,11,,
978,3.95,6.13,NULL,NULL,2018-05-10,11,,
979,3.31,7.92,NULL,NULL,2018-05-11,11,,
980,3.71,6.51,NULL,NULL,2018-05-12,11,,
981,4.22,5.32,NULL,NULL,2018-05-13,11,,
982,4.59,6.77,NULL,NULL,2018-05-14,11,,
983,4.38,5.88,NULL,NULL,2018-05-15,11,,
984,3.56,9.53,NULL,NULL,2018-05-16,11,,
985,3.67,6.34,NULL,NULL,2018-05-17,11,,
986,3.82,8.66,NULL,NULL,2018-05-18,11,,
987,4.62,5.65,NULL,NULL,2018-05-19,11,,
988,3.66,6.63,NULL,NULL,2018-05-20,11,,
989,4.85,7.79,NULL,NULL,2018-05-21,11,,
990,2.88,7.59,NULL,NULL,2018-05-22,11,,
991,5.22,7.36,NULL,NULL,2018-05-23,11,,
992,4.03,9.32,NULL,NULL,2018-05-24,11,,
993,2.77,3.72,NULL,NULL,2018-05-25,11,,
994,3.69,6.66,NULL,NULL,2018-05-26,11,,
995,3.67,9.87,NULL,NULL,2018-05-27,11,,
996,5.20,5.59,NULL,NULL,2018-05-28,11,,
997,4.19,5.55,NULL,NULL,2018-05-29,11,,
998,4.17,4.13,NULL,NULL,2018-05-30,11,,
999,3.38,5.97,NULL,NULL,2018-05-31,11,,
1000,4.60,0.00,NULL,NULL,2018-06-01,11,,
1001,3.63,8.37,NULL,NULL,2018-06-02,11,,
1002,3.38,6.28,NULL,NULL,2018-06-03,11,,
1003,4.15,11.27,NULL,NULL,2018-06-04,11,,
1004,3.68,9.30,NULL,NULL,2018-06-05,11,,
1005,4.24,7.90,NULL,NULL,2018-06-06,11,,
1006,3.70,7.95,NULL,NULL,2018-06-07,11,,
1007,4.18,10.03,NULL,NULL,2018-06-08,11,,
1008,4.59,6.49,NULL,NULL,2018-06-09,11,,
1009,4.69,5.87,NULL,NULL,2018-06-10,11,,
1010,3.66,0.00,NULL,NULL,2018-06-11,11,,
1011,4.17,5.30,NULL,NULL,2018-06-12,11,,
1012,3.46,7.53,NULL,NULL,2018-06-13,11,,
1013,2.76,4.08,NULL,NULL,2018-06-14,11,,
1014,3.87,0.00,NULL,NULL,2018-06-15,11,,
1015,3.42,7.09,NULL,NULL,2018-06-16,11,,
1016,5.30,6.27,NULL,NULL,2018-06-17,11,,
1017,3.45,7.96,NULL,NULL,2018-06-18,11,,
1018,4.01,8.88,NULL,NULL,2018-06-19,11,,
1019,4.36,0.00,NULL,NULL,2018-06-20,11,,
1020,3.54,6.61,NULL,NULL,2018-06-21,11,,
1021,2.15,7.74,NULL,NULL,2018-06-22,11,,
1022,4.70,9.93,NULL,NULL,2018-06-23,11,,
1023,4.90,9.00,NULL,NULL,2018-06-24,11,,
1024,4.35,5.10,NULL,NULL,2018-06-25,11,,
1025,4.75,8.59,NULL,NULL,2018-06-26,11,,
1026,3.89,7.08,NULL,NULL,2018-06-27,11,,
1027,3.78,7.68,NULL,NULL,2018-06-28,11,,
1028,3.31,0.00,NULL,NULL,2018-06-29,11,,
1029,3.10,6.42,NULL,NULL,2018-06-30,11,,
1030,3.27,4.44,NULL,NULL,2018-07-01,11,,
1031,4.77,6.98,NULL,NULL,2018-07-02,11,,
1032,2.92,6.62,NULL,NULL,2018-07-03,11,,
1033,3.32,3.66,NULL,NULL,2018-07-04,11,,
1034,5.19,4.81,NULL,NULL,2018-07-05,11,,
1035,4.66,5.78,NULL,NULL,2018-07-06,11,,
1036,3.72,6.94,NULL,NULL,2018-07-07,11,,
1037,3.73,7.44,NULL,NULL,2018-07-08,11,,
1038,3.92,4.72,NULL,NULL,2018-07-09,11,,
1039,4.03,9.38,NULL,NULL,2018-07-10,11,,
1040,4.03,7.81,NULL,NULL,2018-07-11,11,,
1041,4.41,9.44,NULL,NULL,2018-07-12,11,,
1042,3.10,9.41,NULL,NULL,2018-07-13,11,,
1043,4.50,6.32,NULL,NULL,2018-07-14,11,,
1044,3.61,0.00,NULL,NULL,2018-07-15,11,,
1045,3.44,4.71,NULL,NULL,2018-07-16,11,,
1046,3.70,8.90,NULL,NULL,2018-07-17,11,,
1047,4.20,6.58,NULL,NULL,2018-07-18,11,,
1048,5.16,6.76,NULL,NULL,2018-07-19,11,,
1049,3.88,9.45,NULL,NULL,2018-07-20,11,,
1050,3.99,9.02,NULL,NULL,2018-07-21,11,,
1051,2.75,0.00,NULL,NULL,2018-07-22,11,,
1052,3.85,6.80,NULL,NULL,2018-07-23,11,,
1053,3.94,7.17,NULL,NULL,2018-07-24,11,,
1054,2.44,7.66,NULL,NULL,2018-07-25,11,,
1055,4.05,8.32,NULL,NULL,2018-07-26,11,,
1056,5.22,5.93,NULL,NULL,2018-07-27,11,,
1057,2.76,9.80,NULL,NULL,2018-07-28,11,,
1058,3.54,6.10,NULL,NULL,2018-07-29,11,,
1059,3.40,5.00,NULL,NULL,2018-07-30,11,,
1060,4.38,4.82,NULL,NULL,2018-07-31,11,,
1061,3.61,6.55,NULL,NULL,2018-08-01,11,,
1062,4.11,13.18,NULL,NULL,2018-08-02,11,,
1063,4.44,6.62,NULL,NULL,2018-08-03,11,,
1064,3.37,7.79,NULL,NULL,2018-08-04,11,,
1065,3.86,5.19,NULL,NULL,2018-08-05,11,,
1066,1.94,5.63,NULL,NULL,2018-08-06,11,,
1067,4.73,6.87,NULL,NULL,2018-08-07,11,,
1068,3.65,9.06,NULL,NULL,2018-08-08,11,,
1069,5.33,7.29,NULL,NULL,2018-08-09,11,,
1070,5.06,7.28,NULL,NULL,2018-08-10,11,,
1071,4.61,6.51,NULL,NULL,2018-08-11,11,,
1072,3.76,7.21,NULL,NULL,2018-08-12,11,,
1073,3.77,0.00,NULL,NULL,2018-08-13,11,,
1074,4.43,5.32,NULL,NULL,2018-08-14,11,,
1075,3.49,7.08,NULL,NULL,2018-08-15,11,,
1076,5.09,5.33,NULL,NULL,2018-08-16,11,,
1077,4.66,10.76,NULL,NULL,2018-08-17,11,,
1078,4.10,6.29,NULL,NULL,2018-08-18,11,,
1079,2.95,9.79,NULL,NULL,2018-08-19,11,,
1080,4.98,8.21,NULL,NULL,2018-08-20,11,,
1081,4.56,6.94,NULL,NULL,2018-08-21,11,,
1082,4.20,10.36,NULL,NULL,2018-08-22,11,,
1083,4.70,7.96,NULL,NULL,2018-08-23,11,,
1084,3.73,3.88,NULL,NULL,2018-08-24,11,,
1085,3.83,5.67,NULL,NULL,2018-08-25,11,,
1086,4.75,10.00,NULL,NULL,2018-08-26,11,,
1087,4.69,6.55,NULL,NULL,2018-08-27,11,,
1088,4.18,7.63,NULL,NULL,2018-08-28,11,,
1089,3.26,4.79,NULL,NULL,2018-08-29,11,,
1090,4.29,7.71,NULL,NULL,2018-08-30,11,,
1091,3.42,8.29,NULL,NULL,2018-08-31,11,,
1092,3.47,6.19,NULL,NULL,2018-09-01,11,,
1093,4.93,9.03,NULL,NULL,2018-09-02,11,,
1094,3.26,6.14,NULL,NULL,2018-09-03,11,,
1095,3.42,7.13,NULL,NULL,2018-09-04,11,,
1096,4.11,0.00,NULL,NULL,2018-09-05,11,,
1097,4.51,5.42,NULL,NULL,2018-09-06,11,,
1098,3.68,8.08,NULL,NULL,2018-09-07,11,,
1099,4.08,0.00,NULL,NULL,2018-09-08,11,,
1100,5.13,10.05,NULL,NULL,2018-09-09,12,,
1101,3.63,5.67,NULL,NULL,2018-09-10,12,,
1102,3.81,0.00,NULL,NULL,2018-09-11,12,,
1103,4.16,8.92,NULL,NULL,2018-09-12,12,,
1104,4.18,6.43,NULL,NULL,2018-09-13,12,,
1105,4.98,6.96,NULL,NULL,2018-09-14,12,,
1106,5.41,5.87,NULL,NULL,2018-09-15,12,,
1107,5.16,6.80,NULL,NULL,2018-09-16,12,,
1108,3.81,10.04,NULL,NULL,2018-09-17,12,,
1109,4.12,0.00,NULL,NULL,2018-09-18,12,,
1110,4.17,7.30,NULL,NULL,2018-09-19,12,,
1111,3.50,0.00,NULL,NULL,2018-09-20,12,,
1112,5.51,5.86,NULL,NULL,2018-09-21,12,,
1113,4.47,7.29,NULL,NULL,2018-09-22,12,,
1114,4.47,8.06,NULL,NULL,2018-09-23,12,,
1115,3.53,7.82,NULL,NULL,2018-09-24,12,,
1116,3.31,11.30,NULL,NULL,2018-09-25,12,,
1117,2.35,6.59,NULL,NULL,2018-09-26,12,,
1118,4.89,9.16,NULL,NULL,2018-09-27,12,,
1119,5.92,0.00,NULL,NULL,2018-09-28,12,,
1120,3.98,4.64,NULL,NULL,2018-09-29,12,,
1121,4.11,7.80,NULL,NULL,2018-09-30,12,,
1122,2.29,5.56,NULL,NULL,2018-10-01,12,,
1123,4.59,7.89,NULL,NULL,2018-10-02,12,,
1124,2.66,7.44,NULL,NULL,2018-10-03,12,,
1125,3.31,3.66,NULL,NULL,2018-10-04,12,,
1126,5.15,9.60,NULL,NULL,2018-10-05,12,,
1127,3.99,6.96,NULL,NULL,2018-10-06,12,,
1128,4.27,7.67,NULL,NULL,2018-10-07,12,,
1129,4.06,6.74,NULL,NULL,2018-10-08,12,,
1130,4.14,0.00,NULL,NULL,2018-10-09,12,,
1131,4.17,5.38,NULL,NULL,2018-10-10,12,,
1132,4.97,7.02,NULL,NULL,2018-10-11,12,,
1133,2.97,0.00,NULL,NULL,2018-10-12,12,,
1134,3.74,10.03,NULL,NULL,2018-10-13,12,,
1135,3.87,5.58,NULL,NULL,2018-10-14,12,,
1136,5.26,7.95,NULL,NULL,2018-10-15,12,,
1137,4.18,5.50,NULL,NULL,2018-10-16,12,,
1138,3.63,7.54,NULL,NULL,2018-10-17,12,,
1139,4.40,6.85,NULL,NULL,2018-10-18,12,,
1140,3.78,0.00,NULL,NULL,2018-10-19,12,,
1141,3.66,5.91,NULL,NULL,2018-10-20,12,,
1142,4.16,8.72,NULL,NULL,2018-10-21,12,,
1143,4.18,6.02,NULL,NULL,2018-10-22,12,,
1144,4.97,9.57,NULL,NULL,2018-10-23,12,,
1145,2.97,4.30,NULL,NULL,2018-10-24,12,,
1146,3.74,3.55,NULL,NULL,2018-10-25,12,,
1147,3.87,8.53,NULL,NULL,2018-10-26,12,,
1148,5.26,8.07,NULL,NULL,2018-10-27,12,,
1149,4.18,9.16,NULL,NULL,2018-10-28,12,,
1150,3.63,8.85,NULL,NULL,2018-10-29,12,,
1151,4.40,9.50,NULL,NULL,2018-10-30,12,,
1152,3.97,8.05,NULL,NULL,2018-10-31,12,,
1153,3.78,2.80,NULL,NULL,2018-11-01,12,,
1154,3.76,6.43,NULL,NULL,2018-11-02,12,,
1155,4.53,7.76,NULL,NULL,2018-11-03,12,,
1156,4.01,7.75,NULL,NULL,2018-11-04,12,,
1157,4.17,5.12,NULL,NULL,2018-11-05,12,,
1158,3.63,7.48,NULL,NULL,2018-11-06,12,,
1159,3.66,5.37,NULL,NULL,2018-11-07,12,,
1160,3.73,7.06,NULL,NULL,2018-11-08,12,,
1161,4.17,6.88,NULL,NULL,2018-11-09,12,,
1162,2.51,4.81,NULL,NULL,2018-11-10,12,,
1163,3.94,4.99,NULL,NULL,2018-11-11,12,,
1164,4.26,4.79,NULL,NULL,2018-11-12,12,,
1165,3.64,4.04,NULL,NULL,2018-11-13,12,,
1166,3.40,6.51,NULL,NULL,2018-11-14,12,,
1167,4.55,6.78,NULL,NULL,2018-11-15,12,,
1168,3.02,6.95,NULL,NULL,2018-11-16,12,,
1169,3.15,5.63,NULL,NULL,2018-11-17,12,,
1170,2.90,5.97,NULL,NULL,2018-11-18,12,,
1171,3.05,6.32,NULL,NULL,2018-11-19,12,,
1172,4.50,8.03,NULL,NULL,2018-11-20,12,,
1173,2.73,8.88,NULL,NULL,2018-11-21,12,,
1174,4.11,5.99,NULL,NULL,2018-11-22,12,,
1175,5.05,10.27,NULL,NULL,2018-11-23,12,,
1176,4.18,0.00,NULL,NULL,2018-11-24,12,,
1177,2.65,6.11,NULL,NULL,2018-11-25,12,,
1178,3.48,9.44,NULL,NULL,2018-11-26,12,,
1179,3.83,6.89,NULL,NULL,2018-11-27,12,,
1180,4.84,6.51,NULL,NULL,2018-11-28,12,,
1181,3.18,5.77,NULL,NULL,2018-11-29,12,,
1182,4.73,4.91,NULL,NULL,2018-11-30,12,,
1183,3.10,9.74,NULL,NULL,2018-12-01,12,,
1184,3.49,5.54,NULL,NULL,2018-12-02,12,,
1185,4.56,0.00,NULL,NULL,2018-12-03,12,,
1186,4.40,0.00,NULL,NULL,2018-12-04,12,,
1187,6.49,6.45,NULL,NULL,2018-12-05,12,,
1188,4.90,5.48,NULL,NULL,2018-12-06,12,,
1189,2.57,8.54,NULL,NULL,2018-12-07,12,,
1190,3.67,7.38,NULL,NULL,2018-12-08,12,,
1191,3.60,6.66,NULL,NULL,2018-12-09,12,,
1192,3.45,6.78,NULL,NULL,2018-12-10,12,,
1193,3.62,8.74,NULL,NULL,2018-12-11,12,,
1194,3.77,7.15,NULL,NULL,2018-12-12,12,,
1195,2.32,0.00,NULL,NULL,2018-12-13,12,,
1196,3.22,5.04,NULL,NULL,2018-12-14,12,,
1197,2.23,0.00,NULL,NULL,2018-12-15,12,,
1198,4.33,7.75,NULL,NULL,2018-12-16,12,,
1199,3.80,6.26,NULL,NULL,2018-12-17,12,,
1200,3.52,8.60,NULL,NULL,2018-12-18,12,,
1201,3.90,5.77,NULL,NULL,2018-12-19,12,,
1202,5.66,7.09,NULL,NULL,2018-12-20,12,,
1203,4.39,8.03,NULL,NULL,2018-12-21,12,,
1204,4.12,0.00,NULL,NULL,2018-12-22,12,,
1205,3.16,4.73,NULL,NULL,2018-12-23,12,,
1206,3.22,8.20,NULL,NULL,2018-12-24,12,,
1207,4.50,6.44,NULL,NULL,2018-12-25,12,,
1208,4.37,7.04,NULL,NULL,2018-12-26,12,,
1209,4.41,0.00,NULL,NULL,2018-12-27,12,,
1210,5.11,0.00,NULL,NULL,2018-12-28,12,,
1211,4.82,6.95,NULL,NULL,2018-12-29,12,,
1212,3.32,5.74,NULL,NULL,2018-12-30,12,,
1213,5.24,5.60,NULL,NULL,2018-12-31,12,,
1214,3.66,7.35,NULL,NULL,2019-01-01,12,,
1215,4.01,6.26,NULL,NULL,2019-01-02,12,,
1216,4.05,9.93,NULL,NULL,2019-01-03,12,,
1217,4.36,5.38,NULL,NULL,2019-01-04,12,,
1218,3.90,4.96,NULL,NULL,2019-01-05,12,,
1219,2.64,6.46,NULL,NULL,2019-01-06,12,,
1220,4.53,6.54,NULL,NULL,2019-01-07,12,,
1221,2.72,6.25,NULL,NULL,2019-01-08,12,,
1222,4.07,7.97,NULL,NULL,2019-01-09,12,,
1223,4.83,0.00,NULL,NULL,2019-01-10,12,,
1224,3.15,7.61,NULL,NULL,2019-01-11,12,,
1225,5.45,6.89,NULL,NULL,2019-01-12,12,,
1226,4.22,9.88,NULL,NULL,2019-01-13,12,,
1227,4.50,7.64,NULL,NULL,2019-01-14,12,,
1228,3.45,6.96,NULL,NULL,2019-01-15,12,,
1229,3.60,8.06,NULL,NULL,2019-01-16,12,,
1230,3.83,7.24,NULL,NULL,2019-01-17,12,,
1231,5.05,7.49,NULL,NULL,2019-01-18,12,,
1232,2.98,8.41,NULL,NULL,2019-01-19,12,,
1233,3.48,6.14,NULL,NULL,2019-01-20,12,,
1234,5.14,6.10,NULL,NULL,2019-01-21,12,,
1235,4.82,6.38,NULL,NULL,2019-01-22,12,,
1236,3.32,9.46,NULL,NULL,2019-01-23,12,,
1237,5.24,7.87,NULL,NULL,2019-01-24,12,,
1238,3.66,5.87,NULL,NULL,2019-01-25,12,,
1239,4.01,0.00,NULL,NULL,2019-01-26,12,,
1240,4.05,6.53,NULL,NULL,2019-01-27,12,,
1241,4.36,5.15,NULL,NULL,2019-01-28,12,,
1242,3.90,7.86,NULL,NULL,2019-01-29,12,,
1243,2.64,7.70,NULL,NULL,2019-01-30,12,,
1244,4.53,6.73,NULL,NULL,2019-01-31,12,,
1245,2.72,10.46,NULL,NULL,2019-02-01,12,,
1246,4.07,9.11,NULL,NULL,2019-02-02,12,,
1247,4.83,8.08,NULL,NULL,2019-02-03,12,,
1248,3.15,7.08,NULL,NULL,2019-02-04,12,,
1249,5.45,0.00,NULL,NULL,2019-02-05,12,,
1250,4.22,8.04,NULL,NULL,2019-02-06,12,,
1251,4.50,7.04,NULL,NULL,2019-02-07,12,,
1252,3.45,5.48,NULL,NULL,2019-02-08,12,,
1253,3.60,8.53,NULL,NULL,2019-02-09,12,,
1254,3.83,7.27,NULL,NULL,2019-02-10,12,,
1255,5.05,6.26,NULL,NULL,2019-02-11,12,,
1256,2.98,7.24,NULL,NULL,2019-02-12,12,,
1257,3.48,8.69,NULL,NULL,2019-02-13,12,,
1258,5.14,8.64,NULL,NULL,2019-02-14,12,,
1259,4.14,7.18,NULL,NULL,2019-02-15,12,,
1260,2.85,7.16,NULL,NULL,2019-02-16,12,,
1261,4.32,8.93,NULL,NULL,2019-02-17,12,,
1262,5.12,6.35,NULL,NULL,2019-02-18,12,,
1263,5.14,6.68,NULL,NULL,2019-02-19,12,,
1264,3.36,5.45,NULL,NULL,2019-02-20,12,,
1265,4.69,7.54,NULL,NULL,2019-02-21,12,,
1266,3.42,0.00,NULL,NULL,2019-02-22,12,,
1267,3.03,4.37,NULL,NULL,2019-02-23,12,,
1268,4.41,10.32,NULL,NULL,2019-02-24,12,,
1269,4.96,6.60,NULL,NULL,2019-02-25,12,,
1270,4.57,4.20,NULL,NULL,2019-02-26,12,,
1271,3.61,7.92,NULL,NULL,2019-02-27,12,,
1272,3.70,6.33,NULL,NULL,2019-02-28,12,,
1273,4.09,0.00,NULL,NULL,2019-03-01,12,,
1274,3.16,7.76,NULL,NULL,2019-03-02,12,,
1275,3.99,8.24,NULL,NULL,2019-03-03,12,,
1276,4.06,5.68,NULL,NULL,2019-03-04,12,,
1277,2.54,7.42,NULL,NULL,2019-03-05,12,,
1278,3.36,4.78,NULL,NULL,2019-03-06,12,,
1279,4.18,7.87,NULL,NULL,2019-03-07,12,,
1280,3.78,5.90,NULL,NULL,2019-03-08,12,,
1281,2.28,7.71,NULL,NULL,2019-03-09,12,,
1282,4.19,7.82,NULL,NULL,2019-03-10,12,,
1283,3.88,6.14,NULL,NULL,2019-03-11,12,,
1284,3.35,5.04,NULL,NULL,2019-03-12,12,,
1285,2.75,8.68,NULL,NULL,2019-03-13,12,,
1286,2.86,7.69,NULL,NULL,2019-03-14,12,,
1287,2.96,8.57,NULL,NULL,2019-03-15,12,,
1288,3.95,5.67,NULL,NULL,2019-03-16,12,,
1289,4.53,6.62,NULL,NULL,2019-03-17,12,,
1290,4.48,6.54,NULL,NULL,2019-03-18,12,,
1291,4.65,0.00,NULL,NULL,2019-03-19,12,,
1292,3.41,9.24,NULL,NULL,2019-03-20,12,,
1293,4.70,0.00,NULL,NULL,2019-03-21,12,,
1294,5.21,6.34,NULL,NULL,2019-03-22,12,,
1295,3.37,5.98,NULL,NULL,2019-03-23,12,,
1296,3.94,7.61,NULL,NULL,2019-03-24,12,,
1297,5.13,6.43,NULL,NULL,2019-03-25,12,,
1298,4.11,0.00,NULL,NULL,2019-03-26,12,,
1299,4.94,6.11,NULL,NULL,2019-03-27,12,,
1300,4.14,5.84,NULL,NULL,2019-03-28,12,,
1301,4.27,5.37,NULL,NULL,2019-03-29,12,,
1302,2.95,5.35,NULL,NULL,2019-03-30,12,,
1303,3.66,5.39,NULL,NULL,2019-03-31,12,,
1304,4.12,9.92,NULL,NULL,2019-04-01,12,,
1305,4.33,0.00,NULL,NULL,2019-04-02,12,,
1306,3.77,7.12,NULL,NULL,2019-04-03,12,,
1307,4.60,9.42,NULL,NULL,2019-04-04,12,,
1308,4.11,7.46,NULL,NULL,2019-04-05,12,,
1309,5.07,5.27,NULL,NULL,2019-04-06,12,,
1310,4.24,7.29,NULL,NULL,2019-04-07,12,,
1311,2.91,7.80,NULL,NULL,2019-04-08,12,,
1312,2.88,6.84,NULL,NULL,2019-04-09,12,,
1313,4.64,5.61,NULL,NULL,2019-04-10,12,,
1314,3.40,5.70,NULL,NULL,2019-04-11,12,,
1315,4.09,5.41,NULL,NULL,2019-04-12,12,,
1316,3.91,0.00,NULL,NULL,2019-04-13,12,,
1317,4.29,5.02,NULL,NULL,2019-04-14,12,,
1318,3.93,4.55,NULL,NULL,2019-04-15,12,,
1319,4.61,0.00,NULL,NULL,2019-04-16,12,,
1320,5.99,7.03,NULL,NULL,2019-04-17,12,,
1321,4.24,5.77,NULL,NULL,2019-04-18,12,,
1322,3.82,8.44,NULL,NULL,2019-04-19,12,,
1323,4.30,5.91,NULL,NULL,2019-04-20,12,,
1324,5.37,6.90,NULL,NULL,2019-04-21,12,,
1325,3.29,10.25,NULL,NULL,2019-04-22,12,,
1326,4.23,8.21,NULL,NULL,2019-04-23,12,,
1327,3.88,7.29,NULL,NULL,2019-04-24,12,,
1328,4.69,8.81,NULL,NULL,2019-04-25,12,,
1329,3.58,6.64,NULL,NULL,2019-04-26,12,,
1330,3.67,6.15,NULL,NULL,2019-04-27,12,,
1331,4.96,5.91,NULL,NULL,2019-04-28,12,,
1332,4.41,5.39,NULL,NULL,2019-04-29,12,,
1333,2.84,5.01,NULL,NULL,2019-04-30,12,,
1334,2.83,6.50,NULL,NULL,2019-05-01,12,,
1335,3.26,9.61,NULL,NULL,2019-05-02,12,,
1336,3.64,8.74,NULL,NULL,2019-05-03,12,,
1337,3.07,8.39,NULL,NULL,2019-05-04,12,,
1338,3.81,0.00,NULL,NULL,2019-05-05,12,,
1339,3.24,3.84,NULL,NULL,2019-05-06,12,,
1340,4.29,7.49,NULL,NULL,2019-05-07,12,,
1341,2.38,7.09,NULL,NULL,2019-05-08,12,,
1342,3.72,6.62,NULL,NULL,2019-05-09,12,,
1343,3.34,6.03,NULL,NULL,2019-05-10,12,,
1344,4.93,6.34,NULL,NULL,2019-05-11,12,,
1345,4.38,0.00,NULL,NULL,2019-05-12,12,,
1346,3.95,7.46,NULL,NULL,2019-05-13,12,,
1347,4.54,6.36,NULL,NULL,2019-05-14,12,,
1348,4.40,9.01,NULL,NULL,2019-05-15,12,,
1349,3.48,7.47,NULL,NULL,2019-05-16,12,,
1350,4.15,5.74,NULL,NULL,2019-05-17,12,,
1351,5.78,7.79,NULL,NULL,2019-05-18,12,,
1352,2.81,7.14,NULL,NULL,2019-05-19,12,,
1353,3.81,8.81,NULL,NULL,2019-05-20,12,,
1354,4.09,8.00,NULL,NULL,2019-05-21,12,,
1355,5.49,7.16,NULL,NULL,2019-05-22,12,,
1356,5.12,6.43,NULL,NULL,2019-05-23,12,,
1357,4.33,6.12,NULL,NULL,2019-05-24,12,,
1358,3.42,8.46,NULL,NULL,2019-05-25,12,,
1359,3.84,5.77,NULL,NULL,2019-05-26,12,,
1360,4.10,0.00,NULL,NULL,2019-05-27,12,,
1361,3.84,6.76,NULL,NULL,2019-05-28,12,,
1362,3.68,7.90,NULL,NULL,2019-05-29,12,,
1363,2.90,8.58,NULL,NULL,2019-05-30,12,,
1364,2.08,5.60,NULL,NULL,2019-05-31,12,,
1365,2.72,8.15,NULL,NULL,2019-06-01,12,,
1366,4.90,6.67,NULL,NULL,2019-06-02,12,,
1367,3.27,6.50,NULL,NULL,2019-06-03,12,,
1368,5.18,9.74,NULL,NULL,2019-06-04,12,,
1369,3.14,9.27,NULL,NULL,2019-06-05,12,,
1370,5.18,0.00,NULL,NULL,2019-06-06,12,,
1371,3.57,10.06,NULL,NULL,2019-06-07,12,,
1372,3.63,6.48,NULL,NULL,2019-06-08,12,,
1373,4.91,6.10,NULL,NULL,2019-06-09,12,,
1374,3.08,6.30,NULL,NULL,2019-06-10,12,,
1375,4.59,5.28,NULL,NULL,2019-06-11,12,,
1376,4.91,8.27,NULL,NULL,2019-06-12,12,,
1377,3.08,6.04,NULL,NULL,2019-06-13,12,,
1378,3.92,6.24,NULL,NULL,2019-06-14,12,,
1379,3.83,8.21,NULL,NULL,2019-06-15,12,,
1380,4.31,0.00,NULL,NULL,2019-06-16,12,,
1381,3.93,0.00,NULL,NULL,2019-06-17,12,,
1382,3.57,0.00,NULL,NULL,2019-06-18,13,,
1383,4.22,9.84,NULL,NULL,2019-06-19,13,,
1384,2.89,8.72,NULL,NULL,2019-06-20,13,,
1385,3.12,7.01,NULL,NULL,2019-06-21,13,,
1386,4.67,6.49,NULL,NULL,2019-06-22,13,,
1387,2.90,7.81,NULL,NULL,2019-06-23,13,,
1388,3.19,9.65,NULL,NULL,2019-06-24,13,,
1389,5.25,8.01,NULL,NULL,2019-06-25,13,,
1390,3.72,0.00,NULL,NULL,2019-06-26,13,,
1391,3.85,0.00,NULL,NULL,2019-06-27,13,,
1392,4.82,7.39,NULL,NULL,2019-06-28,13,,
1393,5.06,5.50,NULL,NULL,2019-06-29,13,,
1394,3.29,6.06,NULL,NULL,2019-06-30,13,,
1395,4.24,0.00,NULL,NULL,2019-07-01,13,,
1396,4.67,6.27,NULL,NULL,2019-07-02,13,,
1397,4.97,0.00,NULL,NULL,2019-07-03,13,,
1398,5.70,6.28,NULL,NULL,2019-07-04,13,,
1399,4.01,9.04,NULL,NULL,2019-07-05,13,,
1400,5.11,8.52,NULL,NULL,2019-07-06,13,,
1401,4.18,0.00,NULL,NULL,2019-07-07,13,,
1402,2.91,0.00,NULL,NULL,2019-07-08,13,,
1403,4.18,4.03,NULL,NULL,2019-07-09,13,,
1404,5.01,6.41,NULL,NULL,2019-07-10,13,,
1405,4.34,6.28,NULL,NULL,2019-07-11,13,,
1406,4.95,7.65,NULL,NULL,2019-07-12,13,,
1407,3.95,5.55,NULL,NULL,2019-07-13,13,,
1408,2.60,0.00,NULL,NULL,2019-07-14,13,,
1409,3.38,7.47,NULL,NULL,2019-07-15,13,,
1410,3.76,0.00,NULL,NULL,2019-07-16,13,,
1411,4.03,7.92,NULL,NULL,2019-07-17,13,,
1412,4.27,0.00,NULL,NULL,2019-07-18,13,,
1413,4.16,0.00,NULL,NULL,2019-07-19,13,,
1414,3.68,5.43,NULL,NULL,2019-07-20,13,,
1415,4.83,8.34,NULL,NULL,2019-07-21,13,,
1416,2.44,6.72,NULL,NULL,2019-07-22,13,,
1417,4.59,6.10,NULL,NULL,2019-07-23,13,,
1418,3.77,6.58,NULL,NULL,2019-07-24,13,,
1419,4.13,4.68,NULL,NULL,2019-07-25,13,,
1420,3.52,8.15,NULL,NULL,2019-07-26,13,,
1421,2.36,0.00,NULL,NULL,2019-07-27,13,,
1422,5.67,0.00,NULL,NULL,2019-07-28,13,,
1423,3.59,0.00,NULL,NULL,2019-07-29,13,,
1424,3.55,10.51,NULL,NULL,2019-07-30,13,,
1425,3.33,5.17,NULL,NULL,2019-07-31,13,,
1426,4.31,6.96,NULL,NULL,2019-08-01,13,,
1427,3.28,6.55,NULL,NULL,2019-08-02,13,,
1428,3.51,6.56,NULL,NULL,2019-08-03,13,,
1429,2.95,9.04,NULL,NULL,2019-08-04,13,,
1430,2.40,5.97,NULL,NULL,2019-08-05,13,,
1431,4.20,6.27,NULL,NULL,2019-08-06,13,,
1432,3.79,6.60,NULL,NULL,2019-08-07,13,,
1433,4.35,7.14,NULL,NULL,2019-08-08,13,,
1434,5.01,8.12,NULL,NULL,2019-08-09,13,,
1435,4.51,7.67,NULL,NULL,2019-08-10,13,,
1436,4.46,5.56,NULL,NULL,2019-08-11,13,,
1437,3.79,7.54,NULL,NULL,2019-08-12,13,,
1438,2.93,0.00,NULL,NULL,2019-08-13,13,,
1439,2.71,7.34,NULL,NULL,2019-08-14,13,,
1440,4.54,10.02,NULL,NULL,2019-08-15,13,,
1441,3.70,0.00,NULL,NULL,2019-08-16,13,,
1442,3.56,7.85,NULL,NULL,2019-08-17,13,,
1443,3.92,0.00,NULL,NULL,2019-08-18,13,,
1444,3.85,6.33,NULL,NULL,2019-08-19,13,,
1445,2.72,9.62,NULL,NULL,2019-08-20,13,,
1446,3.89,0.00,NULL,NULL,2019-08-21,13,,
1447,2.00,8.89,NULL,NULL,2019-08-22,13,,
1448,4.04,0.00,NULL,NULL,2019-08-23,13,,
1449,2.95,8.14,NULL,NULL,2019-08-24,13,,
1450,2.48,8.17,NULL,NULL,2019-08-25,13,,
1451,3.62,4.93,NULL,NULL,2019-08-26,13,,
1452,3.96,8.98,NULL,NULL,2019-08-27,13,,
1453,4.35,7.37,NULL,NULL,2019-08-28,13,,
1454,3.92,9.11,NULL,NULL,2019-08-29,13,,
1455,5.05,4.17,NULL,NULL,2019-08-30,13,,
1456,3.20,7.81,NULL,NULL,2019-08-31,13,,
1457,3.18,6.70,NULL,NULL,2019-09-01,13,,
1458,4.49,3.62,NULL,NULL,2019-09-02,13,,
1459,2.80,7.97,NULL,NULL,2019-09-03,13,,
1460,5.13,4.60,NULL,NULL,2019-09-04,13,,
1461,3.42,0.00,NULL,NULL,2019-09-05,13,,
1462,5.37,0.00,NULL,NULL,2019-09-06,13,,
1463,5.12,0.00,NULL,NULL,2019-09-07,13,,
1464,3.98,6.33,NULL,NULL,2019-09-08,13,,
1465,3.24,8.60,NULL,NULL,2019-09-09,13,,
1466,3.42,6.44,NULL,NULL,2019-09-10,13,,
1467,4.77,7.33,NULL,NULL,2019-09-11,13,,
1468,3.08,6.14,NULL,NULL,2019-09-12,13,,
1469,3.64,4.73,NULL,NULL,2019-09-13,13,,
1470,4.63,5.39,NULL,NULL,2019-09-14,13,,
1471,4.36,5.62,NULL,NULL,2019-09-15,13,,
1472,3.09,5.77,NULL,NULL,2019-09-16,13,,
1473,2.78,0.00,NULL,NULL,2019-09-17,13,,
1474,4.07,5.25,NULL,NULL,2019-09-18,13,,
1475,3.92,7.69,NULL,NULL,2019-09-19,13,,
1476,3.89,3.68,NULL,NULL,2019-09-20,13,,
1477,3.89,4.90,NULL,NULL,2019-09-21,13,,
1478,4.49,5.84,NULL,NULL,2019-09-22,13,,
1479,4.41,0.00,NULL,NULL,2019-09-23,13,,
1480,3.91,5.04,NULL,NULL,2019-09-24,13,,
1481,3.25,9.96,NULL,NULL,2019-09-25,13,,
1482,3.39,7.42,NULL,NULL,2019-09-26,13,,
1483,4.44,0.00,NULL,NULL,2019-09-27,13,,
1484,5.16,5.10,NULL,NULL,2019-09-28,13,,
1485,3.35,3.63,NULL,NULL,2019-09-29,13,,
1486,4.68,8.86,NULL,NULL,2019-09-30,13,,
1487,3.87,10.14,NULL,NULL,2019-10-01,13,,
1488,2.40,9.90,NULL,NULL,2019-10-02,13,,
1489,4.30,10.27,NULL,NULL,2019-10-03,13,,
1490,3.55,0.23,NULL,NULL,2019-10-04,13,,
1491,4.43,6.02,NULL,NULL,2019-10-05,13,,
1492,5.71,7.11,NULL,NULL,2019-10-06,13,,
1493,4.27,6.35,NULL,NULL,2019-10-07,13,,
1494,4.82,8.13,NULL,NULL,2019-10-08,13,,
1495,4.56,10.25,NULL,NULL,2019-10-09,13,,
1496,4.49,5.46,NULL,NULL,2019-10-10,13,,
1497,3.47,9.24,NULL,NULL,2019-10-11,13,,
1498,4.29,7.07,NULL,NULL,2019-10-12,13,,
1499,3.74,7.12,NULL,NULL,2019-10-13,13,,
1500,3.09,8.24,NULL,NULL,2019-10-14,13,,
1501,4.98,6.45,NULL,NULL,2019-10-15,13,,
1502,4.00,6.16,NULL,NULL,2019-10-16,13,,
1503,3.83,6.77,NULL,NULL,2019-10-17,13,,
1504,3.96,7.06,NULL,NULL,2019-10-18,13,,
1505,4.12,4.64,NULL,NULL,2019-10-19,13,,
1506,3.72,7.68,NULL,NULL,2019-10-20,13,,
1507,2.74,8.14,NULL,NULL,2019-10-21,13,,
1508,4.04,5.35,NULL,NULL,2019-10-22,13,,
1509,3.37,8.00,NULL,NULL,2019-10-23,13,,
1510,4.29,11.90,NULL,NULL,2019-10-24,13,,
1511,4.38,7.44,NULL,NULL,2019-10-25,13,,
1512,2.78,5.14,NULL,NULL,2019-10-26,13,,
1513,4.65,0.00,NULL,NULL,2019-10-27,13,,
1514,3.58,6.95,NULL,NULL,2019-10-28,13,,
1515,3.19,9.62,NULL,NULL,2019-10-29,13,,
1516,2.42,5.36,NULL,NULL,2019-10-30,13,,
1517,5.71,4.91,NULL,NULL,2019-10-31,13,,
1518,3.39,6.38,NULL,NULL,2019-11-01,13,,
1519,3.75,3.94,NULL,NULL,2019-11-02,13,,
1520,5.98,6.92,NULL,NULL,2019-11-03,13,,
1521,3.21,9.15,NULL,NULL,2019-11-04,13,,
1522,4.27,10.27,NULL,NULL,2019-11-05,13,,
1523,4.15,8.79,NULL,NULL,2019-11-06,13,,
1524,4.83,7.37,NULL,NULL,2019-11-07,13,,
1525,4.52,9.35,NULL,NULL,2019-11-08,13,,
1526,3.70,9.39,NULL,NULL,2019-11-09,13,,
1527,4.74,7.30,NULL,NULL,2019-11-10,13,,
1528,4.52,8.90,NULL,NULL,2019-11-11,13,,
1529,4.69,8.11,NULL,NULL,2019-11-12,13,,
1530,4.08,7.80,NULL,NULL,2019-11-13,13,,
1531,4.56,4.67,NULL,NULL,2019-11-14,13,,
1532,3.72,10.91,NULL,NULL,2019-11-15,13,,
1533,2.94,4.74,NULL,NULL,2019-11-16,13,,
1534,4.74,9.87,NULL,NULL,2019-11-17,13,,
1535,4.33,0.00,NULL,NULL,2019-11-18,13,,
1536,3.18,5.83,NULL,NULL,2019-11-19,13,,
1537,5.16,0.99,NULL,NULL,2019-11-20,13,,
1538,3.90,0.00,NULL,NULL,2019-11-21,13,,
1539,3.22,9.49,NULL,NULL,2019-11-22,13,,
1540,4.93,6.44,NULL,NULL,2019-11-23,13,,
1541,5.13,6.37,NULL,NULL,2019-11-24,13,,
1542,5.27,0.00,NULL,NULL,2019-11-25,13,,
1543,5.19,5.45,NULL,NULL,2019-11-26,13,,
1544,5.08,0.00,NULL,NULL,2019-11-27,13,,
1545,2.87,5.43,NULL,NULL,2019-11-28,13,,
1546,3.59,7.37,NULL,NULL,2019-11-29,13,,
1547,2.95,0.00,NULL,NULL,2019-11-30,13,,
1548,2.26,5.23,NULL,NULL,2019-12-01,13,,
1549,4.92,4.59,NULL,NULL,2019-12-02,13,,
1550,5.04,6.78,NULL,NULL,2019-12-03,13,,
1551,4.56,6.40,NULL,NULL,2019-12-04,13,,
1552,2.85,6.84,NULL,NULL,2019-12-05,13,,
1553,4.05,6.90,NULL,NULL,2019-12-06,13,,
1554,5.26,0.00,NULL,NULL,2019-12-07,13,,
1555,3.63,7.89,NULL,NULL,2019-12-08,13,,
1556,4.59,5.53,NULL,NULL,2019-12-09,13,,
1557,4.38,6.49,NULL,NULL,2019-12-10,13,,
1558,4.03,6.68,NULL,NULL,2019-12-11,13,,
1559,5.03,0.00,NULL,NULL,2019-12-12,13,,
1560,3.92,6.22,NULL,NULL,2019-12-13,13,,
1561,4.41,4.76,NULL,NULL,2019-12-14,13,,
1562,2.50,7.44,NULL,NULL,2019-12-15,13,,
1563,3.51,8.05,NULL,NULL,2019-12-16,13,,
1564,4.30,7.06,NULL,NULL,2019-12-17,13,,
1565,5.01,0.00,NULL,NULL,2019-12-18,13,,
1566,2.87,7.61,NULL,NULL,2019-12-19,13,,
1567,2.73,4.69,NULL,NULL,2019-12-20,13,,
1568,3.25,8.06,NULL,NULL,2019-12-21,13,,
1569,2.80,4.29,NULL,NULL,2019-12-22,13,,
1570,3.74,7.87,NULL,NULL,2019-12-23,13,,
1571,2.54,9.09,NULL,NULL,2019-12-24,13,,
1572,3.06,6.59,NULL,NULL,2019-12-25,13,,
1573,3.63,7.03,NULL,NULL,2019-12-26,13,,
1574,4.49,8.99,NULL,NULL,2019-12-27,13,,
1575,2.81,8.56,NULL,NULL,2019-12-28,13,,
1576,5.21,6.74,NULL,NULL,2019-12-29,13,,
1577,4.24,0.00,NULL,NULL,2019-12-30,13,,
1578,3.38,6.49,NULL,NULL,2019-12-31,13,,
1579,5.10,6.75,NULL,NULL,2020-01-01,13,,
1580,4.96,5.04,NULL,NULL,2020-01-02,13,,
1581,5.40,8.30,NULL,NULL,2020-01-03,13,,
1582,4.48,5.46,NULL,NULL,2020-01-04,13,,
1583,4.76,7.92,NULL,NULL,2020-01-05,13,,
1584,5.04,5.02,NULL,NULL,2020-01-06,13,,
1585,3.39,6.50,NULL,NULL,2020-01-07,13,,
1586,4.46,0.00,NULL,NULL,2020-01-08,13,,
1587,4.27,8.78,NULL,NULL,2020-01-09,13,,
1588,3.40,0.00,NULL,NULL,2020-01-10,13,,
1589,2.96,8.16,NULL,NULL,2020-01-11,13,,
1590,4.18,7.69,NULL,NULL,2020-01-12,13,,
1591,3.26,7.76,NULL,NULL,2020-01-13,13,,
1592,4.71,7.21,NULL,NULL,2020-01-14,13,,
1593,4.48,6.99,NULL,NULL,2020-01-15,13,,
1594,4.01,4.69,NULL,NULL,2020-01-16,13,,
1595,3.18,0.00,NULL,NULL,2020-01-17,13,,
1596,4.33,4.06,NULL,NULL,2020-01-18,13,,
1597,3.57,8.39,NULL,NULL,2020-01-19,13,,
1598,4.15,10.70,NULL,NULL,2020-01-20,13,,
1599,2.82,6.79,NULL,NULL,2020-01-21,13,,
1600,4.05,9.95,NULL,NULL,2020-01-22,13,,
1601,3.84,0.00,NULL,NULL,2020-01-23,13,,
1602,3.78,4.49,NULL,NULL,2020-01-24,13,,
1603,3.44,8.02,NULL,NULL,2020-01-25,13,,
1604,4.84,5.09,NULL,NULL,2020-01-26,13,,
1605,3.41,6.47,NULL,NULL,2020-01-27,13,,
1606,4.27,6.70,NULL,NULL,2020-01-28,13,,
1607,4.47,5.77,NULL,NULL,2020-01-29,13,,
1608,4.56,6.57,NULL,NULL,2020-01-30,13,,
1609,2.52,8.51,NULL,NULL,2020-01-31,13,,
1610,4.07,5.95,NULL,NULL,2020-02-01,13,,
1611,3.87,5.40,NULL,NULL,2020-02-02,13,,
1612,3.51,5.60,NULL,NULL,2020-02-03,13,,
1613,3.72,10.63,NULL,NULL,2020-02-04,13,,
1614,3.84,4.92,NULL,NULL,2020-02-05,13,,
1615,3.81,7.18,NULL,NULL,2020-02-06,13,,
1616,4.11,5.92,NULL,NULL,2020-02-07,13,,
1617,4.53,7.38,NULL,NULL,2020-02-08,13,,
1618,5.58,7.83,NULL,NULL,2020-02-09,13,,
1619,3.70,4.75,NULL,NULL,2020-02-10,13,,
1620,5.46,9.06,NULL,NULL,2020-02-11,13,,
1621,3.29,5.49,NULL,NULL,2020-02-12,13,,
1622,2.77,4.49,NULL,NULL,2020-02-13,13,,
1623,5.35,7.03,NULL,NULL,2020-02-14,13,,
1624,5.17,10.20,NULL,NULL,2020-02-15,13,,
1625,4.05,6.78,NULL,NULL,2020-02-16,13,,
1626,4.07,8.08,NULL,NULL,2020-02-17,13,,
1627,4.17,0.00,NULL,NULL,2020-02-18,13,,
1628,3.42,7.34,NULL,NULL,2020-02-19,14,,
1629,3.88,5.92,NULL,NULL,2020-02-20,14,,
1630,5.44,8.29,NULL,NULL,2020-02-21,14,,
1631,4.07,5.95,NULL,NULL,2020-02-22,14,,
1632,3.00,0.00,NULL,NULL,2020-02-23,14,,
1633,2.93,0.00,NULL,NULL,2020-02-24,14,,
1634,3.92,5.30,NULL,NULL,2020-02-25,14,,
1635,4.57,10.28,NULL,NULL,2020-02-26,14,,
1636,4.10,7.02,NULL,NULL,2020-02-27,14,,
1637,4.18,6.87,NULL,NULL,2020-02-28,14,,
1638,5.50,0.00,NULL,NULL,2020-02-29,14,,
1639,2.58,8.27,NULL,NULL,2020-03-01,14,,
1640,2.78,8.24,NULL,NULL,2020-03-02,14,,
1641,4.10,5.79,NULL,NULL,2020-03-03,14,,
1642,4.03,6.15,NULL,NULL,2020-03-04,14,,
1643,4.14,7.30,NULL,NULL,2020-03-05,14,,
1644,3.34,7.59,NULL,NULL,2020-03-06,14,,
1645,4.07,6.78,NULL,NULL,2020-03-07,14,,
1646,4.07,5.61,NULL,NULL,2020-03-08,14,,
1647,3.82,0.00,NULL,NULL,2020-03-09,14,,
1648,2.29,4.92,NULL,NULL,2020-03-10,14,,
1649,3.98,5.70,NULL,NULL,2020-03-11,14,,
1650,3.13,0.00,NULL,NULL,2020-03-12,14,,
1651,4.31,10.68,NULL,NULL,2020-03-13,14,,
1652,3.70,7.60,NULL,NULL,2020-03-14,14,,
1653,2.93,8.85,NULL,NULL,2020-03-15,14,,
1654,3.76,6.75,NULL,NULL,2020-03-16,14,,
1655,3.62,0.00,NULL,NULL,2020-03-17,14,,
1656,4.44,0.00,NULL,NULL,2020-03-18,14,,
1657,2.60,5.09,NULL,NULL,2020-03-19,14,,
1658,3.17,6.95,NULL,NULL,2020-03-20,14,,
1659,2.45,8.98,NULL,NULL,2020-03-21,14,,
1660,3.99,9.52,NULL,NULL,2020-03-22,14,,
1661,3.48,4.70,NULL,NULL,2020-03-23,14,,
1662,4.92,10.39,NULL,NULL,2020-03-24,14,,
1663,3.81,5.75,NULL,NULL,2020-03-25,14,,
1664,4.70,0.00,NULL,NULL,2020-03-26,14,,
1665,3.94,0.00,NULL,NULL,2020-03-27,14,,
1666,4.42,5.09,NULL,NULL,2020-03-28,14,,
1667,3.65,6.73,NULL,NULL,2020-03-29,14,,
1668,2.28,5.92,NULL,NULL,2020-03-30,14,,
1669,3.13,6.78,NULL,NULL,2020-03-31,14,,
1670,3.58,7.39,NULL,NULL,2020-04-01,14,,
1671,3.59,6.47,NULL,NULL,2020-04-02,14,,
1672,4.72,6.93,NULL,NULL,2020-04-03,14,,
1673,4.22,9.30,NULL,NULL,2020-04-04,14,,
1674,3.25,7.42,NULL,NULL,2020-04-05,14,,
1675,4.33,6.58,NULL,NULL,2020-04-06,14,,
1676,3.13,6.20,NULL,NULL,2020-04-07,14,,
1677,3.70,9.07,NULL,NULL,2020-04-08,14,,
1678,3.68,4.71,NULL,NULL,2020-04-09,14,,
1679,3.60,10.58,NULL,NULL,2020-04-10,14,,
1680,3.77,7.57,NULL,NULL,2020-04-11,14,,
1681,4.11,6.14,NULL,NULL,2020-04-12,14,,
1682,4.06,5.28,NULL,NULL,2020-04-13,14,,
1683,3.92,6.78,NULL,NULL,2020-04-14,14,,
1684,2.97,7.24,NULL,NULL,2020-04-15,14,,
1685,3.69,6.55,NULL,NULL,2020-04-16,14,,
1686,4.68,8.41,NULL,NULL,2020-04-17,14,,
1687,3.88,7.99,NULL,NULL,2020-04-18,14,,
1688,3.32,7.37,NULL,NULL,2020-04-19,14,,
1689,4.53,6.06,NULL,NULL,2020-04-20,14,,
1690,3.44,7.86,NULL,NULL,2020-04-21,14,,
1691,2.37,5.16,NULL,NULL,2020-04-22,14,,
1692,4.81,0.00,NULL,NULL,2020-04-23,14,,
1693,3.05,6.40,NULL,NULL,2020-04-24,14,,
1694,4.37,7.39,NULL,NULL,2020-04-25,14,,
1695,4.53,4.44,NULL,NULL,2020-04-26,14,,
1696,4.65,8.25,NULL,NULL,2020-04-27,14,,
1697,3.46,4.90,NULL,NULL,2020-04-28,14,,
1698,2.62,6.86,NULL,NULL,2020-04-29,14,,
1699,4.26,6.67,NULL,NULL,2020-04-30,14,,
1700,5.04,7.60,NULL,NULL,2020-05-01,14,,
1701,3.94,8.16,NULL,NULL,2020-05-02,14,,
1702,3.45,8.87,NULL,NULL,2020-05-03,14,,
1703,2.98,8.77,NULL,NULL,2020-05-04,14,,
1704,6.36,4.74,NULL,NULL,2020-05-05,14,,
1705,4.76,7.79,NULL,NULL,2020-05-06,14,,
1706,4.86,0.00,NULL,NULL,2020-05-07,14,,
1707,4.22,6.09,NULL,NULL,2020-05-08,14,,
1708,4.64,7.65,NULL,NULL,2020-05-09,14,,
1709,2.99,4.77,NULL,NULL,2020-05-10,14,,
1710,3.67,0.00,NULL,NULL,2020-05-11,14,,
1711,4.68,5.39,NULL,NULL,2020-05-12,14,,
1712,2.43,5.48,NULL,NULL,2020-05-13,14,,
1713,5.28,6.36,NULL,NULL,2020-05-14,14,,
1714,4.22,0.00,NULL,NULL,2020-05-15,14,,
1715,3.01,9.32,NULL,NULL,2020-05-16,14,,
1716,4.50,4.58,NULL,NULL,2020-05-17,14,,
1717,4.63,7.88,NULL,NULL,2020-05-18,14,,
1718,4.44,6.17,NULL,NULL,2020-05-19,14,,
1719,5.62,7.23,NULL,NULL,2020-05-20,14,,
1720,4.07,0.00,NULL,NULL,2020-05-21,14,,
1721,2.90,8.69,NULL,NULL,2020-05-22,14,,
1722,3.23,0.00,NULL,NULL,2020-05-23,14,,
1723,4.04,4.80,NULL,NULL,2020-05-24,14,,
1724,4.13,9.32,NULL,NULL,2020-05-25,14,,
1725,4.46,7.58,NULL,NULL,2020-05-26,14,,
1726,3.31,5.35,NULL,NULL,2020-05-27,14,,
1727,4.22,5.49,NULL,NULL,2020-05-28,14,,
1728,5.49,0.00,NULL,NULL,2020-05-29,14,,
1729,2.76,8.32,NULL,NULL,2020-05-30,14,,
1730,4.05,8.55,NULL,NULL,2020-05-31,14,,
1731,3.46,6.01,NULL,NULL,2020-06-01,14,,
1732,3.17,5.74,NULL,NULL,2020-06-02,14,,
1733,4.38,5.22,NULL,NULL,2020-06-03,14,,
1734,3.36,0.00,NULL,NULL,2020-06-04,14,,
1735,2.94,7.46,NULL,NULL,2020-06-05,14,,
1736,4.18,11.03,NULL,NULL,2020-06-06,14,,
1737,4.00,6.73,NULL,NULL,2020-06-07,14,,
1738,3.50,4.15,NULL,NULL,2020-06-08,14,,
1739,3.25,7.16,NULL,NULL,2020-06-09,14,,
1740,3.66,0.00,NULL,NULL,2020-06-10,14,,
1741,3.89,6.21,NULL,NULL,2020-06-11,14,,
1742,4.13,0.00,NULL,NULL,2020-06-12,14,,
1743,3.04,9.61,NULL,NULL,2020-06-13,14,,
1744,4.17,5.38,NULL,NULL,2020-06-14,14,,
1745,4.18,8.70,NULL,NULL,2020-06-15,14,,
1746,3.14,7.75,NULL,NULL,2020-06-16,14,,
1747,4.21,7.12,NULL,NULL,2020-06-17,14,,
1748,4.78,8.31,NULL,NULL,2020-06-18,14,,
1749,4.03,5.52,NULL,NULL,2020-06-19,14,,
1750,3.96,10.20,NULL,NULL,2020-06-20,14,,
1751,2.00,5.37,NULL,NULL,2020-06-21,14,,
1752,2.83,8.94,NULL,NULL,2020-06-22,14,,
1753,4.72,8.12,NULL,NULL,2020-06-23,14,,
1754,3.67,7.18,NULL,NULL,2020-06-24,14,,
1755,5.85,5.50,NULL,NULL,2020-06-25,14,,
1756,3.37,0.00,NULL,NULL,2020-06-26,14,,
1757,2.93,8.18,NULL,NULL,2020-06-27,14,,
1758,2.28,7.64,NULL,NULL,2020-06-28,14,,
1759,3.18,7.78,NULL,NULL,2020-06-29,14,,
1760,4.10,7.62,NULL,NULL,2020-06-30,14,,
1761,4.44,6.66,NULL,NULL,2020-07-01,14,,
1762,5.14,0.00,NULL,NULL,2020-07-02,14,,
1763,4.76,8.82,NULL,NULL,2020-07-03,14,,
1764,3.70,7.77,NULL,NULL,2020-07-04,14,,
1765,4.21,6.23,NULL,NULL,2020-07-05,14,,
1766,4.08,0.00,NULL,NULL,2020-07-06,14,,
1767,4.92,8.57,NULL,NULL,2020-07-07,14,,
1768,3.65,6.99,NULL,NULL,2020-07-08,14,,
1769,4.60,3.34,NULL,NULL,2020-07-09,14,,
1770,3.33,0.00,NULL,NULL,2020-07-10,14,,
1771,4.87,0.00,NULL,NULL,2020-07-11,14,,
1772,3.58,7.77,NULL,NULL,2020-07-12,14,,
1773,3.51,0.00,NULL,NULL,2020-07-13,14,,
1774,3.87,7.20,NULL,NULL,2020-07-14,14,,
1775,3.18,6.15,NULL,NULL,2020-07-15,14,,
1776,2.46,0.00,NULL,NULL,2020-07-16,14,,
1777,2.98,6.77,NULL,NULL,2020-07-17,14,,
1778,3.67,8.04,NULL,NULL,2020-07-18,14,,
1779,2.96,8.18,NULL,NULL,2020-07-19,14,,
1780,3.87,6.74,NULL,NULL,2020-07-20,14,,
1781,3.82,7.60,NULL,NULL,2020-07-21,14,,
1782,3.22,8.55,NULL,NULL,2020-07-22,14,,
1783,4.39,5.43,NULL,NULL,2020-07-23,14,,
1784,3.00,7.71,NULL,NULL,2020-07-24,14,,
1785,5.61,8.15,NULL,NULL,2020-07-25,14,,
1786,3.74,0.00,NULL,NULL,2020-07-26,14,,
1787,4.59,7.85,NULL,NULL,2020-07-27,14,,
1788,4.60,7.16,NULL,NULL,2020-07-28,14,,
1789,4.17,5.69,NULL,NULL,2020-07-29,14,,
1790,3.66,6.71,NULL,NULL,2020-07-30,14,,
1791,3.79,4.78,NULL,NULL,2020-07-31,14,,
1792,3.90,0.00,NULL,NULL,2020-08-01,14,,
1793,4.30,9.49,NULL,NULL,2020-08-02,14,,
1794,4.50,7.46,NULL,NULL,2020-08-03,14,,
1795,4.34,7.99,NULL,NULL,2020-08-04,14,,
1796,3.68,7.75,NULL,NULL,2020-08-05,14,,
1797,4.72,8.28,NULL,NULL,2020-08-06,14,,
1798,5.69,6.88,NULL,NULL,2020-08-07,14,,
1799,3.82,6.80,NULL,NULL,2020-08-08,14,,
1800,3.41,8.17,NULL,NULL,2020-08-09,14,,
1801,3.26,0.00,NULL,NULL,2020-08-10,14,,
1802,5.00,4.74,NULL,NULL,2020-08-11,14,,
1803,3.97,5.95,NULL,NULL,2020-08-12,14,,
1804,3.69,6.58,NULL,NULL,2020-08-13,14,,
1805,4.39,8.78,NULL,NULL,2020-08-14,14,,
1806,3.08,6.85,NULL,NULL,2020-08-15,14,,
1807,3.81,8.76,NULL,NULL,2020-08-16,14,,
1808,3.24,0.00,NULL,NULL,2020-08-17,14,,
1809,4.01,0.00,NULL,NULL,2020-08-18,14,,
1810,4.85,8.07,NULL,NULL,2020-08-19,14,,
1811,3.63,5.08,NULL,NULL,2020-08-20,14,,
1812,2.57,7.44,NULL,NULL,2020-08-21,14,,
1813,4.20,9.43,NULL,NULL,2020-08-22,14,,
1814,2.92,5.91,NULL,NULL,2020-08-23,14,,
1815,2.18,5.80,NULL,NULL,2020-08-24,14,,
1816,3.42,7.62,NULL,NULL,2020-08-25,14,,
1817,3.91,9.01,NULL,NULL,2020-08-26,14,,
1818,2.91,5.42,NULL,NULL,2020-08-27,14,,
1819,4.14,9.78,NULL,NULL,2020-08-28,14,,
1820,3.44,5.20,NULL,NULL,2020-08-29,14,,
1821,3.92,4.87,NULL,NULL,2020-08-30,14,,
1822,4.22,7.79,NULL,NULL,2020-08-31,14,,
1823,4.08,0.00,NULL,NULL,2020-09-01,14,,
1824,3.61,7.06,NULL,NULL,2020-09-02,14,,
1825,3.21,7.89,NULL,NULL,2020-09-03,14,,
1826,4.21,7.54,NULL,NULL,2020-09-04,14,,
1827,5.70,7.20,NULL,NULL,2020-09-05,14,,
1828,4.40,0.00,NULL,NULL,2020-09-06,14,,
1829,3.27,8.72,NULL,NULL,2020-09-07,14,,
1830,3.94,8.35,NULL,NULL,2020-09-08,14,,
1831,5.03,6.28,NULL,NULL,2020-09-09,14,,
,,,,,,,,
,,,,,,,,
,,,,,,,,
,,,,,,,,
,,,,,,,,
,,,,,,,,
,,,,,,,,
,,,,,,,,
,,,,,,,,
,,,,,,,,
,,,,,,,,
